RegionCode,RegionName,MetaRegionName,Area Code,AreaName,RegionName2,RegionCode2
5206,Caribbean,Latin America,36,Cayman Islands,Central America and Caribbean,1
5206,Caribbean,Latin America,240,United States Virgin Islands,Central America and Caribbean,1
5206,Caribbean,Latin America,142,Montserrat,Central America and Caribbean,1
5206,Caribbean,Latin America,258,Anguilla,Central America and Caribbean,1
5206,Caribbean,Latin America,224,Turks and Caicos Islands,Central America and Caribbean,1
5206,Caribbean,Latin America,56,Dominican Republic,Central America and Caribbean,1
5206,Caribbean,Latin America,86,Grenada,Central America and Caribbean,1
5206,Caribbean,Latin America,189,Saint Lucia,Central America and Caribbean,1
5206,Caribbean,Latin America,93,Haiti,Central America and Caribbean,1
5206,Caribbean,Latin America,135,Martinique,Central America and Caribbean,1
5206,Caribbean,Latin America,177,Puerto Rico,Central America and Caribbean,1
5206,Caribbean,Latin America,109,Jamaica,Central America and Caribbean,1
5206,Caribbean,Latin America,239,British Virgin Islands,Central America and Caribbean,1
5206,Caribbean,Latin America,191,Saint Vincent and the Grenadines,Central America and Caribbean,1
5206,Caribbean,Latin America,22,Aruba,Central America and Caribbean,1
5206,Caribbean,Latin America,87,Guadeloupe,Central America and Caribbean,1
5206,Caribbean,Latin America,49,Cuba,Central America and Caribbean,1
5206,Caribbean,Latin America,12,Bahamas,Central America and Caribbean,1
5206,Caribbean,Latin America,220,Trinidad and Tobago,Central America and Caribbean,1
5206,Caribbean,Latin America,14,Barbados,Central America and Caribbean,1
5206,Caribbean,Latin America,55,Dominica,Central America and Caribbean,1
5206,Caribbean,Latin America,8,Antigua and Barbuda,Central America and Caribbean,1
5206,Caribbean,Latin America,188,Saint Kitts and Nevis,Central America and Caribbean,1
5206,Caribbean,Latin America,151,Netherlands Antilles (former),Central America and Caribbean,1
5204,Central America,Latin America,60,El Salvador,Central America and Caribbean,1
5204,Central America,Latin America,166,Panama,Central America and Caribbean,1
5204,Central America,Latin America,138,Mexico,Central America and Caribbean,1
5204,Central America,Latin America,48,Costa Rica,Central America and Caribbean,1
5204,Central America,Latin America,23,Belize,Central America and Caribbean,1
5204,Central America,Latin America,95,Honduras,Central America and Caribbean,1
5204,Central America,Latin America,89,Guatemala,Central America and Caribbean,1
5204,Central America,Latin America,157,Nicaragua,Central America and Caribbean,1
5301,Central Asia,Asia,213,Turkmenistan,Eastern Europe and Central Asia,2
5301,Central Asia,Asia,235,Uzbekistan,Eastern Europe and Central Asia,2
5301,Central Asia,Asia,108,Kazakhstan,Eastern Europe and Central Asia,2
5301,Central Asia,Asia,113,Kyrgyzstan,Eastern Europe and Central Asia,2
5301,Central Asia,Asia,208,Tajikistan,Eastern Europe and Central Asia,2
5401,Eastern Europe,Europe,185,Russian Federation,Eastern Europe and Central Asia,2
5401,Eastern Europe,Europe,27,Bulgaria,Eastern Europe and Central Asia,2
5401,Eastern Europe,Europe,183,Romania,Eastern Europe and Central Asia,2
5401,Eastern Europe,Europe,199,Slovakia,Eastern Europe and Central Asia,2
5401,Eastern Europe,Europe,146,Republic of Moldova,Eastern Europe and Central Asia,2
5401,Eastern Europe,Europe,97,Hungary,Eastern Europe and Central Asia,2
5401,Eastern Europe,Europe,167,Czech Republic,Eastern Europe and Central Asia,2
5401,Eastern Europe,Europe,230,Ukraine,Eastern Europe and Central Asia,2
5401,Eastern Europe,Europe,57,Belarus,Eastern Europe and Central Asia,2
5401,Eastern Europe,Europe,173,Poland,Eastern Europe and Central Asia,2
5401,Eastern Europe,Europe,51,Czechoslovakia,Eastern Europe and Central Asia,2
5401,Eastern Europe,Europe,228,Soviet Union,Eastern Europe and Central Asia,2
5203,Northern America,Northern America,17,Bermuda,North America,3
5203,Northern America,Northern America,85,Greenland,North America,3
5203,Northern America,Northern America,33,Canada,North America,3
5203,Northern America,Northern America,190,Saint Pierre and Miquelon,North America,3
5203,Northern America,Northern America,231,United States of America,North America,3
5103,Northern Africa,Africa,124,Libya,Northern Africa and Western Asia,4
5103,Northern Africa,Africa,205,Western Sahara,Northern Africa and Western Asia,4
5103,Northern Africa,Africa,59,Egypt,Northern Africa and Western Asia,4
5103,Northern Africa,Africa,276,Sudan,Northern Africa and Western Asia,4
5103,Northern Africa,Africa,4,Algeria,Northern Africa and Western Asia,4
5103,Northern Africa,Africa,222,Tunisia,Northern Africa and Western Asia,4
5103,Northern Africa,Africa,143,Morocco,Northern Africa and Western Asia,4
5305,Western Asia,Asia,112,Jordan,Northern Africa and Western Asia,4
5305,Western Asia,Asia,52,Azerbaijan,Northern Africa and Western Asia,4
5305,Western Asia,Asia,299,Occupied Palestinian Territory,Northern Africa and Western Asia,4
5305,Western Asia,Asia,121,Lebanon,Northern Africa and Western Asia,4
5305,Western Asia,Asia,1,Armenia,Northern Africa and Western Asia,4
5305,Western Asia,Asia,212,Syrian Arab Republic,Northern Africa and Western Asia,4
5305,Western Asia,Asia,179,Qatar,Northern Africa and Western Asia,4
5305,Western Asia,Asia,103,Iraq,Northern Africa and Western Asia,4
5305,Western Asia,Asia,249,Yemen,Northern Africa and Western Asia,4
5305,Western Asia,Asia,194,Saudi Arabia,Northern Africa and Western Asia,4
5305,Western Asia,Asia,223,Turkey,Northern Africa and Western Asia,4
5305,Western Asia,Asia,225,United Arab Emirates,Northern Africa and Western Asia,4
5305,Western Asia,Asia,13,Bahrain,Northern Africa and Western Asia,4
5305,Western Asia,Asia,105,Israel,Northern Africa and Western Asia,4
5305,Western Asia,Asia,221,Oman,Northern Africa and Western Asia,4
5305,Western Asia,Asia,73,Georgia,Northern Africa and Western Asia,4
5305,Western Asia,Asia,118,Kuwait,Northern Africa and Western Asia,4
5500,Oceania,Oceania,219,Tonga,Oceania,5
5500,Oceania,Oceania,127,Marshall Islands,Oceania,5
5500,Oceania,Oceania,5,American Samoa,Oceania,5
5500,Oceania,Oceania,25,Solomon Islands,Oceania,5
5500,Oceania,Oceania,218,Tokelau,Oceania,5
5500,Oceania,Oceania,10,Australia,Oceania,5
5500,Oceania,Oceania,47,Cook Islands,Oceania,5
5500,Oceania,Oceania,155,Vanuatu,Oceania,5
5500,Oceania,Oceania,243,Wallis and Futuna Islands,Oceania,5
5500,Oceania,Oceania,227,Tuvalu,Oceania,5
5500,Oceania,Oceania,66,Fiji,Oceania,5
5500,Oceania,Oceania,88,Guam,Oceania,5
5500,Oceania,Oceania,70,French Polynesia,Oceania,5
5500,Oceania,Oceania,145,Micronesia (Federated States of),Oceania,5
5500,Oceania,Oceania,156,New Zealand,Oceania,5
5500,Oceania,Oceania,148,Nauru,Oceania,5
5500,Oceania,Oceania,163,Northern Mariana Islands,Oceania,5
5500,Oceania,Oceania,180,Palau,Oceania,5
5500,Oceania,Oceania,160,Niue,Oceania,5
5500,Oceania,Oceania,153,New Caledonia,Oceania,5
5500,Oceania,Oceania,168,Papua New Guinea,Oceania,5
5500,Oceania,Oceania,83,Kiribati,Oceania,5
5500,Oceania,Oceania,244,Samoa,Oceania,5
5207,South America,Latin America,170,Peru,South America,6
5207,South America,Latin America,207,Suriname,South America,6
5207,South America,Latin America,169,Paraguay,South America,6
5207,South America,Latin America,58,Ecuador,South America,6
5207,South America,Latin America,65,Falkland Islands (Malvinas),South America,6
5207,South America,Latin America,19,Bolivia (Plurinational State of),South America,6
5207,South America,Latin America,236,Venezuela (Bolivarian Republic of),South America,6
5207,South America,Latin America,44,Colombia,South America,6
5207,South America,Latin America,40,Chile,South America,6
5207,South America,Latin America,234,Uruguay,South America,6
5207,South America,Latin America,91,Guyana,South America,6
5207,South America,Latin America,9,Argentina,South America,6
5207,South America,Latin America,69,French Guiana,South America,6
5207,South America,Latin America,21,Brazil,South America,6
5304,South-Eastern Asia,Asia,120,Lao People's Democratic Republic,South and South-East Asia,7
5304,South-Eastern Asia,Asia,28,Myanmar,South and South-East Asia,7
5304,South-Eastern Asia,Asia,171,Philippines,South and South-East Asia,7
5304,South-Eastern Asia,Asia,176,Timor-Leste,South and South-East Asia,7
5304,South-Eastern Asia,Asia,26,Brunei Darussalam,South and South-East Asia,7
5304,South-Eastern Asia,Asia,200,Singapore,South and South-East Asia,7
5304,South-Eastern Asia,Asia,216,Thailand,South and South-East Asia,7
5304,South-Eastern Asia,Asia,131,Malaysia,South and South-East Asia,7
5304,South-Eastern Asia,Asia,115,Cambodia,South and South-East Asia,7
5304,South-Eastern Asia,Asia,237,Viet Nam,South and South-East Asia,7
5304,South-Eastern Asia,Asia,101,Indonesia,South and South-East Asia,7
5303,Southern Asia,Asia,2,Afghanistan,South and South-East Asia,7
5303,Southern Asia,Asia,132,Maldives,South and South-East Asia,7
5303,Southern Asia,Asia,149,Nepal,South and South-East Asia,7
5303,Southern Asia,Asia,102,Iran (Islamic Republic of),South and South-East Asia,7
5303,Southern Asia,Asia,16,Bangladesh,South and South-East Asia,7
5303,Southern Asia,Asia,100,India,South and South-East Asia,7
5303,Southern Asia,Asia,165,Pakistan,South and South-East Asia,7
5303,Southern Asia,Asia,18,Bhutan,South and South-East Asia,7
5303,Southern Asia,Asia,38,Sri Lanka,South and South-East Asia,7
5101,Eastern Africa,Africa,181,Zimbabwe,Sub-Saharan Africa,8
5101,Eastern Africa,Africa,137,Mauritius,Sub-Saharan Africa,8
5101,Eastern Africa,Africa,182,R�union,Sub-Saharan Africa,8
5101,Eastern Africa,Africa,184,Rwanda,Sub-Saharan Africa,8
5101,Eastern Africa,Africa,226,Uganda,Sub-Saharan Africa,8
5101,Eastern Africa,Africa,114,Kenya,Sub-Saharan Africa,8
5101,Eastern Africa,Africa,201,Somalia,Sub-Saharan Africa,8
5101,Eastern Africa,Africa,144,Mozambique,Sub-Saharan Africa,8
5101,Eastern Africa,Africa,72,Djibouti,Sub-Saharan Africa,8
5101,Eastern Africa,Africa,238,Ethiopia,Sub-Saharan Africa,8
5101,Eastern Africa,Africa,196,Seychelles,Sub-Saharan Africa,8
5101,Eastern Africa,Africa,45,Comoros,Sub-Saharan Africa,8
5101,Eastern Africa,Africa,178,Eritrea,Sub-Saharan Africa,8
5101,Eastern Africa,Africa,130,Malawi,Sub-Saharan Africa,8
5101,Eastern Africa,Africa,29,Burundi,Sub-Saharan Africa,8
5101,Eastern Africa,Africa,215,United Republic of Tanzania,Sub-Saharan Africa,8
5101,Eastern Africa,Africa,251,Zambia,Sub-Saharan Africa,8
5101,Eastern Africa,Africa,129,Madagascar,Sub-Saharan Africa,8
5101,Eastern Africa,Africa,270,Mayotte,Sub-Saharan Africa,8
5102,Middle Africa,Africa,74,Gabon,Sub-Saharan Africa,8
5102,Middle Africa,Africa,193,Sao Tome and Principe,Sub-Saharan Africa,8
5102,Middle Africa,Africa,61,Equatorial Guinea,Sub-Saharan Africa,8
5102,Middle Africa,Africa,37,Central African Republic,Sub-Saharan Africa,8
5102,Middle Africa,Africa,7,Angola,Sub-Saharan Africa,8
5102,Middle Africa,Africa,39,Chad,Sub-Saharan Africa,8
5102,Middle Africa,Africa,32,Cameroon,Sub-Saharan Africa,8
5102,Middle Africa,Africa,46,Congo,Sub-Saharan Africa,8
5102,Middle Africa,Africa,250,Democratic Republic of the Congo,Sub-Saharan Africa,8
5104,Southern Africa,Africa,209,Swaziland,Sub-Saharan Africa,8
5104,Southern Africa,Africa,20,Botswana,Sub-Saharan Africa,8
5104,Southern Africa,Africa,122,Lesotho,Sub-Saharan Africa,8
5104,Southern Africa,Africa,147,Namibia,Sub-Saharan Africa,8
5104,Southern Africa,Africa,202,South Africa,Sub-Saharan Africa,8
5105,Western Africa,Africa,53,Benin,Sub-Saharan Africa,8
5105,Western Africa,Africa,90,Guinea,Sub-Saharan Africa,8
5105,Western Africa,Africa,35,Cabo Verde,Sub-Saharan Africa,8
5105,Western Africa,Africa,159,Nigeria,Sub-Saharan Africa,8
5105,Western Africa,Africa,187,"Saint Helena, Ascension and Tristan da Cunha",Sub-Saharan Africa,8
5105,Western Africa,Africa,197,Sierra Leone,Sub-Saharan Africa,8
5105,Western Africa,Africa,123,Liberia,Sub-Saharan Africa,8
5105,Western Africa,Africa,175,Guinea-Bissau,Sub-Saharan Africa,8
5105,Western Africa,Africa,158,Niger,Sub-Saharan Africa,8
5105,Western Africa,Africa,217,Togo,Sub-Saharan Africa,8
5105,Western Africa,Africa,81,Ghana,Sub-Saharan Africa,8
5105,Western Africa,Africa,75,Gambia,Sub-Saharan Africa,8
5105,Western Africa,Africa,107,C�te d'Ivoire,Sub-Saharan Africa,8
5105,Western Africa,Africa,136,Mauritania,Sub-Saharan Africa,8
5105,Western Africa,Africa,195,Senegal,Sub-Saharan Africa,8
5105,Western Africa,Africa,233,Burkina Faso,Sub-Saharan Africa,8
5105,Western Africa,Africa,133,Mali,Sub-Saharan Africa,8
5402,Northern Europe,Europe,54,Denmark,Western Europe,9
5402,Northern Europe,Europe,99,Iceland,Western Europe,9
5402,Northern Europe,Europe,67,Finland,Western Europe,9
5402,Northern Europe,Europe,259,Channel Islands,Western Europe,9
5402,Northern Europe,Europe,229,United Kingdom,Western Europe,9
5402,Northern Europe,Europe,119,Latvia,Western Europe,9
5402,Northern Europe,Europe,64,Faroe Islands,Western Europe,9
5402,Northern Europe,Europe,126,Lithuania,Western Europe,9
5402,Northern Europe,Europe,104,Ireland,Western Europe,9
5402,Northern Europe,Europe,210,Sweden,Western Europe,9
5402,Northern Europe,Europe,264,Isle of Man,Western Europe,9
5402,Northern Europe,Europe,63,Estonia,Western Europe,9
5402,Northern Europe,Europe,162,Norway,Western Europe,9
5403,Southern Europe,Europe,98,Croatia,Western Europe,9
5403,Southern Europe,Europe,203,Spain,Western Europe,9
5403,Southern Europe,Europe,192,San Marino,Western Europe,9
5403,Southern Europe,Europe,134,Malta,Western Europe,9
5403,Southern Europe,Europe,84,Greece,Western Europe,9
5403,Southern Europe,Europe,154,The former Yugoslav Republic of Macedonia,Western Europe,9
5403,Southern Europe,Europe,50,Cyprus,Western Europe,9
5403,Southern Europe,Europe,94,Holy See,Western Europe,9
5403,Southern Europe,Europe,106,Italy,Western Europe,9
5403,Southern Europe,Europe,82,Gibraltar,Western Europe,9
5403,Southern Europe,Europe,198,Slovenia,Western Europe,9
5403,Southern Europe,Europe,3,Albania,Western Europe,9
5403,Southern Europe,Europe,272,Serbia,Western Europe,9
5403,Southern Europe,Europe,174,Portugal,Western Europe,9
5403,Southern Europe,Europe,273,Montenegro,Western Europe,9
5403,Southern Europe,Europe,6,Andorra,Western Europe,9
5403,Southern Europe,Europe,80,Bosnia and Herzegovina,Western Europe,9
5404,Western Europe,Europe,255,Belgium,Western Europe,9
5404,Western Europe,Europe,68,France,Western Europe,9
5404,Western Europe,Europe,79,Germany,Western Europe,9
5404,Western Europe,Europe,256,Luxembourg,Western Europe,9
5404,Western Europe,Europe,11,Austria,Western Europe,9
5404,Western Europe,Europe,140,Monaco,Western Europe,9
5404,Western Europe,Europe,150,Netherlands,Western Europe,9
5404,Western Europe,Europe,211,Switzerland,Western Europe,9
5404,Western Europe,Europe,125,Liechtenstein,Western Europe,9
5403,Southern Europe,Europe,248,Yugoslav SFR,Western Europe,9
5302,Eastern Asia,Asia,214,"China, Taiwan Province of",Eastern Asia,10
5302,Eastern Asia,Asia,110,Japan,Eastern Asia,10
5302,Eastern Asia,Asia,141,Mongolia,Eastern Asia,10
5302,Eastern Asia,Asia,96,"China, Hong Kong SAR",Eastern Asia,10
5302,Eastern Asia,Asia,351,China,Eastern Asia,10
5302,Eastern Asia,Asia,128,"China, Macao SAR",Eastern Asia,10
5302,Eastern Asia,Asia,116,Democratic People's Republic of Korea,Eastern Asia,10
5302,Eastern Asia,Asia,117,Republic of Korea,Eastern Asia,10
5302,Eastern Asia,Asia,41,"China, mainland",Eastern Asia,10
