feed_material,group,kcal_100g_%_dm,prot_g_100g_%_dm,fat_g_100g_%_dm,kcal_t,prot_g_t,fat_g_t,dry_matter,Source:
blood_meal_poultry,animal_bp,575,94.1,0.8,5750000,941000,8000,0.938,Feedipedia.org
blood_meal_pig,animal_bp,575,94.1,0.8,5750000,941000,8000,0.938,Feedipedia.org
hydrolyzed_feather_meal,animal_bp,564,85.5,9.2,5640000,855000,92000,0.92,"Feather meal, Feedipedia.org"
meat_and_bone_meal,animal_bp,423,54.9,11.4,4230000,549000,114000,0.958,Feedipedia.org
meat_meal,animal_bp,440,52.4,14.3,4400000,524000,143000,0.958,Feedipedia.org
poultry_oil,animal_bp,938,0,100,9380000,0,1000000,1,"Dm content not found, value similar to other oils used"
poultry_byproduct_meal,animal_bp,607,52.9,30.8,6070000,529000,308000,0.937,"Poultry by-product meal, high protein, Feedipedia. Org"
bran,agroind,428.6,9.3,3.4,4286000,93000,34000,0.87,"Mean of wheat bran, rice bran, sorghum bran, oat bran, millet bran, maize bran"
corn_bp,agroind,511,29.5,11.1,5110000,295000,111000,0.89,"Maize distillers grains, feedipedia.org"
rice bran,agroind,389,3.7,1.6,3890000,37000,16000,0.915,"Rice hulls, feedtables.com"
wheat_bran,agroind,452,17.6,3.8,4520000,176000,38000,0.87,feedtables.com
bran_sorghum,agroind,449,11.7,6.2,4490000,117000,62000,0.898,"Sorghum bran and milling offal, feedipedia.com"
millet_bran,agroind,396,2.4,0.5,3960000,24000,5000,0.922,"Millet hulls, Feedipedia.org"
maize_bran,agroind,457,11.3,4.7,4570000,113000,47000,0.909,feedtables.com
distillers_grains,agroind,518,31.8,4.8,5180000,318000,48000,0.352,"Maize distillers grains wet, feedipedia.org"
dry_pb_grain_ind,agroind,452,17.6,3.8,4520000,176000,38000,0.87,Wheat bran
wet_distilleries_grain,agroind,518,31.8,4.8,5180000,318000,48000,0.352,"Maize distillers grains wet, feedipedia.org"
corn_gluten_meal,agroind,572,67.8,6.6,5720000,678000,66000,0.909,
sorghum_meal,agroind,511,47.9,7.3,5110000,479000,73000,0.91,"Sorghum gluten meal, feedipedia.org"
wheat_gluten_meal,agroind,453,19.1,4.6,4530000,191000,46000,0.909,"Wheat gluten feed, type 20% starch, feedtables.com"
barley,food_crop,438,11.3,1.9,4380000,113000,19000,0.89,"Barley, feedtables.com, dm from GLEAM 2.0 SI"
cassava,food_crop,419,2.3,0.7,4190000,23000,7000,0.89,"Cassava pulp, dried, feedtables.com"
maize,food_crop,445,8.8,4.1,4450000,88000,41000,0.87,"Maize, feedtables.com, dm from GLEAM 2.0 SI"
millet,food_crop,452,17.6,3.8,4520000,176000,38000,0.9,"Millet, pearl, feedtables.com, dm from GLEAM 2.0 SI"
rice,food_crop,424,8.5,2.5,4240000,85000,25000,0.89,"Rice, paddy, feedtables.com, dm from GLEAM 2.0 SI"
sorghum,food_crop,343,10.1,3.3,3430000,101000,33000,0.89,"feedtables.com, dm from GLEAM 2.0 SI"
wheat,food_crop,458,17.9,4.4,4580000,179000,44000,0.89,"Wheat middlings, average, feedtables.com, dm from GLEAM 2.0 SI"
cereals,food_crop,426,11,3,4260000,110000,30000,0.878,"average of barley, cassava, maize, millet, rice, sorghum, wheat"
banana_residues,crop_residues,428,7.7,5.8,4280000,77000,58000,0.943,feedipedia.org
leaves,roughages,220.5,8.5,1.2,2205000,85000,12000,1,"Same value as ""grass and leaves"""
Maize stover,roughages,434,3.9,0.9,4340000,39000,9000,0.296,"Maize stover dry, feedipedia.com"
wheat_straw,crop_residues,441,3.9,1.4,4410000,39000,14000,0.903,"Wheat straw, feedtables.com"
crop_residues,crop_residues,365,5,1,3650000,50000,10000,0.903,"Average of leaves, maize stover, and wheat straw"
pulses_straw,roughages,428,13,1.6,4280000,130000,16000,0.91,"Black gram (Vigna mungo), straw, feedipedia.org"
sugarcane_tops,roughages,430,4.9,1.5,4300000,49000,15000,0.268,feedipedia.org
fish_oil,seafood,902,,100,9020000,0,1000000,0.999,feedipedia.org
fishmeal,seafood,489,65.2,9.2,4890000,652000,92000,0.921,feedipedia.org
cottonseed_meal,agroind,482,42,9.4,4820000,420000,94000,0.909,feedipedia.org
groundnut_meal,agroind,432,49.3,2.3,4320000,493000,23000,0.92,feedtables.com
palmkernel_cake,agroind,436,15.6,7.6,4360000,156000,76000,0.917,feedtables.com
rapeseed_meal,agroind,471,31,11.8,4710000,310000,118000,0.92,feedtables.com
soybean_meal,agroind,409,43.5,1.7,4090000,435000,17000,0.932,feedtables.com
sunflowerseed_meal,agroind,470,33.7,8.9,4700000,337000,89000,0.938,feedtables.com
oilseed_meals,agroind,450,35.85,6.95,4500000,358500,69500,0.995,Average of oilseed meals
rapeseed_oil,agroind,884,0,100,8840000,0,1000000,0.999,feedtables.com
soy_lecithin,agroind,492,69.4,1.1,4920000,694000,11000,0.927,"same as soybean protein concentrate, because of lack of data."
soy_protein_concentrate,agroind,492,69.4,1.1,4920000,694000,11000,0.927,feedtables.com
soybean_oil,agroind,884,0,100,8840000,0,1000000,0.998,feedtables.com
oilseed_oils,agroind,938,0,99.85,9380000,0,998500,0.998,Average of soybean oil and rapeseed oil
rapeseed,food_crop,494,19.6,45,4940000,196000,450000,0.924,feedtables.com
soybean,food_crop,335,38,18,3350000,380000,180000,0.895,feedtables.com
"complements(aminoacids,minerals)",other,0,0,0,0,0,0,1,
limestone,other,0,0,0,0,0,0,1,
swill,other,440,17.5,20.1,4400000,175000,201000,,"kcal: GLEAM table S3.23, prot & fat: http://www.fao.org/3/w3647e/W3647E06.htm"
krill_meal,seafood,,61.2,17.8,0,612000,178000,1,Dm content not found
squid_meal,seafood,405,67.6,8.2,4050000,676000,82000,0.674,Tacon et al. 2011; http://www.scielo.org.mx/pdf/hbio/v24n1/v24n1a8.pdf
squid_oil,seafood,,,,0,0,0,1,
fababean_meal,agroind,447,29,1.4,4470000,290000,14000,0.866,"Fababean, feedipedia.org"
field_pea_meal,agroind,543,83.7,4.7,5430000,837000,47000,0.932,feedtables.com
field_pea_prot,agroind,543,83.7,4.7,5430000,837000,47000,0.932,feedtables.com
lupin_meal,agroind,435,15.5,1.5,4350000,155000,15000,0.902,"Blue Lupin seeds and forage, feedipedia.com"
peas,agroind,437,23.3,1.4,4370000,233000,14000,0.872,feedtables.com
pulses,pulses,437,23.3,1.4,4370000,233000,14000,0.91,"Peas, dm from GLEAM 2.0 SI"
fodder_beet,roughages,387,7.9,0.5,3870000,79000,5000,0.161,feedtables.com
fresh_grass,roughages,446,16.2,3.4,4460000,162000,34000,0.9,"feedtables.com, dm from GLEAM 2.0 SI"
grass_and_leaves,roughages,223,8.1,1.7,2230000,81000,17000,0.9,50% of fresh grass values
hay,roughages,441,17,2.4,4410000,170000,24000,0.908,"Values for alfalfa hay, feedtables.com"
leaves,roughages,220.5,8.5,1.2,2205000,85000,12000,0.9,"Same value as ""grass and leaves"""
legumes_and_silage,roughages,451,8,,4510000,80000,0,0.235,"Maize silage, https://www.feedipedia.org/node/13883"
"molasses, beet",agroind,369,14.2,0.2,3690000,142000,2000,0.754,feedtables.com
"molasses, sugarcane",agroind,356,5.8,1.4,3560000,58000,14000,0.73,feedtables.com
molasses,agroind,362.5,10,0.8,3625000,100000,8000,0.742,feedtables.com
pulp,agroind,408,8.9,0.9,4080000,89000,9000,0.888,Sugarbeet pulp
fish,seafood,358,52.5,15,3580000,525000,150000,0.24,"Pelagic fish, FAO FBS handbook, food composition tables converted to dry matter (dm content 24% from Nordhagen et al. 2020)"
fish_bp,fish_bp,358,52.5,15,3580000,525000,150000,0.24,"Pelagic fish, FAO FBS handbook, food composition tables converted to dry matter (dm content 24% from Nordhagen et al. 2020)"
sugar_beet,food_crop,408,8.9,0.9,4080000,89000,9000,0.888,"Sugarbeet pulp, feedipedia"
sugar_cane,food_crop,435,4.3,1.7,4350000,43000,17000,0.232,"Sugarcane forage, whole plant, feedipedia"
sugar crops,food_crop,421.5,6.6,1.3,4215000,66000,13000,0.56,
squid_oil,seafood,,69.4,5,0,694000,50000,1,Feedipedia
"Meat, cattle",animal_prod,150,18.5,7.9,1500000,185000,79000,1,"Beef, boneless, FAOSTAT handbook"
"Meat, pig",animal_prod,326,11,31,3260000,110000,310000,1,FAOSTAT Handbook
"Milk, whole fresh cow",animal_prod,61,3.3,3.3,610000,33000,33000,1,FAOSTAT Handbook
"Meat, Poultry",animal_prod,185,17.1,12.4,1850000,171000,124000,1,FAOSTAT Handbook
Eggs Primary,animal_prod,139,10.7,9.8,1390000,107000,98000,1,FAOSTAT Handbook
citrusp,agroind,438,6.5,4.3,4380000,65000,43000,0.175,"Feedtables, citrus pulp, fresh"
