feed_material,group,prim_prod,Item Code,cf,FAO,subgroup,subgroup2,subgroup3,subgroup4,cat
blood_meal,animal_bp,,,1,,animal_bp,animal_bp,processed_animal_protein,livestock by-products,non_food_competing_feedstuff
hydrolyzed_feather_meal,animal_bp,,,1,,animal_bp,animal_bp,processed_animal_protein,livestock by-products,non_food_competing_feedstuff
meat_and_bone_meal_bovine,,,,1,,,,animal_protein_bovine,animal_protein_bovine,non_food_competing_feedstuff
meat_and_bone_meal,animal_bp,,,1,,animal_bp,animal_bp,processed_animal_protein,livestock by-products,non_food_competing_feedstuff
meat_meal_hog_ovine,animal_bp,,,1,,animal_bp,animal_bp,processed_animal_protein,livestock by-products,non_food_competing_feedstuff
poultry_oil,animal_bp,,,1,,animal_bp,animal_bp,poultry_oil,livestock by-products,non_food_competing_feedstuff
poultry_byproduct_meal,animal_bp,,,1,,animal_bp,animal_bp,processed_animal_protein,livestock by-products,non_food_competing_feedstuff
bran,agroind,bran,2600,1,CBS,cereals,bran,cereal_bps,cereal by-products,non_food_competing_feedstuff
barley_bran,agroind,bran,2601,1,CBS,cereals,bran,cereal_bps,cereal by-products,non_food_competing_feedstuff
barley_hulls,agroind,bran,2602,1,CBS,cereals,bran,cereal_bps,cereal by-products,non_food_competing_feedstuff
maize_bran,agroind,bran,2603,1,CBS,cereals,bran,cereal_bps,cereal by-products,non_food_competing_feedstuff
millet_bran,agroind,bran,2604,1,CBS,cereals,bran,cereal_bps,cereal by-products,non_food_competing_feedstuff
oat_bran,agroind,bran,2605,1,CBS,cereals,bran,cereal_bps,cereal by-products,non_food_competing_feedstuff
rye_bran,agroind,bran,2606,1,CBS,cereals,bran,cereal_bps,cereal by-products,non_food_competing_feedstuff
bran_sorghum,agroind,bran,2607,1,CBS,cereals,bran,cereal_bps,cereal by-products,non_food_competing_feedstuff
wheat_germ,agroind,bran,2608,1,CBS,cereals,bran,cereal_bps,cereal by-products,non_food_competing_feedstuff
corn_bp,agroind,maize,2514,0.11,FBS,cereals,cereal_bp,maize,cereal by-products,non_food_competing_feedstuff
rice_bran,agroind,rice,2805,1,FBS,cereals,bran,rice,cereal by-products,non_food_competing_feedstuff
rice bran,agroind,rice,2805,1,FBS,cereals,bran,rice,cereal by-products,non_food_competing_feedstuff
wheat_bran,agroind,wheat,2511,0.18,FBS,cereals,bran,wheat,cereal by-products,non_food_competing_feedstuff
distillers_grains,agroind,barley,,1,FBS,cereals,cereal_bp,barley,cereals,non_food_competing_feedstuff
dry_pb_grain_ind,agroind,bran,,1,FBS,cereals,cereal_bp,cereal_bps,cereal by-products,non_food_competing_feedstuff
wet_distilleries_grain,agroind,barley,,1,FBS,cereals,distillers_grains,barley,cereals,non_food_competing_feedstuff
corn_gluten_meal,agroind,maize,,0.05,FBS,cereals,cereal_bp,maize,cereal by-products,non_food_competing_feedstuff
sorghum_meal,agroind,sorghum,,1,FBS,cereals,cereal_bp,other crops,cereal by-products,non_food_competing_feedstuff
wheat_gluten_meal,agroind,wheat,,0.12,FBS,cereals,cereal_bp,wheat,cereal by-products,non_food_competing_feedstuff
barley,food_crop,barley,2905,1,FBS,cereals,cereals,barley,cereals,food_competing_feedstuff
cassava,food_crop,cassava,2905,1,FBS,cereals,cereals,other crops,cereals,food_competing_feedstuff
maize,food_crop,maize,2905,1,FBS,cereals,cereals,maize,cereals,food_competing_feedstuff
millet,food_crop,millet,2905,1,FBS,cereals,cereals,other crops,cereals,food_competing_feedstuff
rice,food_crop,rice,2905,1,FBS,cereals,cereals,rice,cereals,food_competing_feedstuff
sorghum,food_crop,sorghum,2905,1,FBS,cereals,cereals,other crops,cereals,food_competing_feedstuff
wheat,food_crop,wheat,2905,1,FBS,cereals,cereals,wheat,cereals,food_competing_feedstuff
banana_residues,crop_residues,,,1,,crop_residues,crop_residues,,crop residues,non_food_competing_feedstuff
crop_residues,crop_residues,,,1,,crop_residues,crop_residues,,crop residues,non_food_competing_feedstuff
pulses_straw,roughages,,,1,,roughages,crop_residues,,crop residues,non_food_competing_feedstuff
sugarcane_tops,roughages,,,1,,roughages,crop_residues,,crop residues,non_food_competing_feedstuff
fish_oil,seafood,fish,999,0.04,,fish_oil,fish_oil,fish,fish oil,food_competing_feedstuff
fishmeal,seafood,fish,999,0.2,,fishmeal,fishmeal,fish,fishmeal,food_competing_feedstuff
fish,seafood,fish,1000,1,,fish,fish,fish,fish,food_competing_feedstuff
fish_bp,seafood,fish,1001,1,,fish_bp,fish_bp,fish_bp,fish_bp,non_food_competing_feedstuff
cottonseed_meal,agroind,cottonseed_meal,2494,1,CBS,oilseed_meals,oilseed_meals,cottonseed_meal,oilseed meals,non_food_competing_feedstuff
groundnut_meal,agroind,groundnut_meal,2591,1,CBS,oilseed_meals,oilseed_meals,groundnut_meal,oilseed meals,non_food_competing_feedstuff
groundnut_oil,agroind,groundnut_oil,2914,1,,oilseed_oils,oilseed_oils,oilseed_oils,oilseed oils,food_competing_feedstuff
oilseed_meals,agroind,oilcrops-.other,2598,1,FBS,oilseed_meals,oilseed_meals,oilcrops-.other,oilseed meals,non_food_competing_feedstuff
oilseed_meal,agroind,oilcrops-.other,2598,1,FBS,oilseed_meals,oilseed_meals,oilcrops-.other,oilseed meals,non_food_competing_feedstuff
palmkernel_cake,agroind,palmkernel_cake,2595,1,CBS,oilseed_meals,oilseed_meals,palmkernel_cake,oilseed meals,non_food_competing_feedstuff
oil_palmkernels,agroind,oil_palmkernels,2914,1,,oilseed_oils,oilseed_oils,oilseed_oils,oilseed oils,food_competing_feedstuff
rapeseed_meal,agroind,rapeseed_meal,2593,1,CBS,oilseed_meals,oilseed_meals,rapeseed_meal,oilseed meals,non_food_competing_feedstuff
soybean_meal,agroind,soybean_meal,2590,1,CBS,oilseed_meals,oilseed_meals,soybean_meal,oilseed meals,non_food_competing_feedstuff
sunflowerseed_meal,agroind,sunflowerseed,2592,1,FBS,oilseed_meals,oilseed_meals,sunflowerseed,oilseed meals,non_food_competing_feedstuff
sunflowerseed_oil,agroind,sunflowerseed_oil,2914,1,,oilseed_oils,oilseed_oils,oilseed_oils,oilseed oils,food_competing_feedstuff
rapeseed_oil,agroind,rapeseed_oil,2914,1,FBS,oilseed_oils,oilseed_oils,oilseed_oils,oilseed oils,food_competing_feedstuff
soy_lecithin,agroind,soybean_oil,2590,0.01,FBS,oilseed_oils,oilseed_oils,oilseed_oils,oilseed oils,food_competing_feedstuff
soy_protein_concentrate,agroind,soybean_oil,2590,0.01,FBS,oilseed_oils,oilseed_oils,oilseed_oils,oilseed oils,food_competing_feedstuff
soybean_oil,agroind,soybean_oil,2914,1,FBS,oilseed_oils,oilseed_oils,oilseed_oils,oilseed oils,food_competing_feedstuff
rapeseed,food_crop,,2913,1,FBS,oilseeds,oilseeds,Oilseeds,oilseeds,food_competing_feedstuff
soybean,food_crop,,2913,1,FBS,oilseeds,oilseeds,Oilseeds,oilseeds,food_competing_feedstuff
"complements(aminoacids,minerals)",other,,,1,,other,other,other,other,non_food_competing_feedstuff
limestone,other,,,1,,other,other,other,other,non_food_competing_feedstuff
swill,other,,,1,,other,other,other,other,non_food_competing_feedstuff
krill_meal,seafood,,,1,,other_seafood,other_seafood,,other seafood meals and oils,non_food_competing_feedstuff
squid_meal,seafood,,,1,,other_seafood,other_seafood,,other seafood meals and oils,non_food_competing_feedstuff
squid_oil,seafood,,,1,,other_seafood,other_seafood,,other seafood meals and oils,non_food_competing_feedstuff
fababean_meal,agroind,pulses,2911,1,FBS,pulses,pulses,pulses,other crops,food_competing_feedstuff
field_pea_prot,agroind,pulses,2911,1,FBS,pulses,pulses,pulses,other crops,food_competing_feedstuff
field_pea_meal,agroind,pulses,2911,1,FBS,pulses,pulses,pulses,other crops,food_competing_feedstuff
lupin_meal,agroind,pulses,2911,1,FBS,pulses,pulses,pulses,other crops,food_competing_feedstuff
peas,agroind,pulses,2911,1,FBS,pulses,pulses,pulses,other crops,food_competing_feedstuff
pulses,food_crop,pulses,2911,1,FBS,pulses,pulses,pulses,other crops,food_competing_feedstuff
fodder_beet,roughages,,,1,,roughages,roughages,roughages,roughages,non_food_competing_feedstuff
fresh_grass,roughages,,,1,,roughages,roughages,roughages,roughages,non_food_competing_feedstuff
grass_and_leaves,roughages,,,1,,roughages,roughages,roughages,roughages,non_food_competing_feedstuff
hay,roughages,,,1,,roughages,roughages,roughages,roughages,non_food_competing_feedstuff
leaves,roughages,,,1,,roughages,roughages,roughages,roughages,non_food_competing_feedstuff
legumes_and_silage,roughages,,,1,,roughages,roughages,roughages,roughages,non_food_competing_feedstuff
molasses,agroind,sugar crops,2908,1,FBS,sugarbeet,molasses,molasses,sugar by-products,non_food_competing_feedstuff
pulp,agroind,sugar crops,2908,0.05,FBS,sugarbeet,pulp,pulp,sugar by-products,non_food_competing_feedstuff
citrusp,agroind,citrus fruits,,0.4,,other,citrusp,citrusp,othet,non_food_competing_feedstuff
