FAO_foodloss_country_group,FAO_foodloss_item_group,Agricultural_production,Postharvest_storage,Processing_packaging,Distribution,Consumption
Europe,Cereals,0.02,0.04,0.05,0.02,0.25
Europe,roots and tubers,0.2,0.09,0.15,0.07,0.17
Europe,Oilseeds and pulses,0.1,0.01,0.05,0.01,0.04
Europe,Fruits and vegetables,0.2,0.05,0.02,0.1,0.19
Europe,Meat,0.03,0.01,0.05,0.04,0.11
Europe,Fish and seafood,0.09,0.01,0.06,0.09,0.11
Europe,Milk,0.04,0.01,0.01,0.01,0.07
"USA, Canada, Oceania",Cereals,0.02,0.02,0.05,0.02,0.27
"USA, Canada, Oceania",roots and tubers,0.2,0.1,0.15,0.07,0.3
"USA, Canada, Oceania",Oilseeds and pulses,0.12,0,0.05,0.01,0.04
"USA, Canada, Oceania",Fruits and vegetables,0.2,0.04,0.02,0.12,0.28
"USA, Canada, Oceania",Meat,0.04,0.01,0.05,0.04,0.11
"USA, Canada, Oceania",Fish and seafood,0.12,0.01,0.06,0.09,0.33
"USA, Canada, Oceania",Milk,0.04,0.01,0.01,0.01,0.15
Industrialized Asia,Cereals,0.02,0.1,0.05,0.02,0.2
Industrialized Asia,roots and tubers,0.2,0.07,0.15,0.09,0.1
Industrialized Asia,Oilseeds and pulses,0.06,0.03,0.05,0.01,0.04
Industrialized Asia,Fruits and vegetables,0.1,0.08,0.02,0.08,0.15
Industrialized Asia,Meat,0.03,0.01,0.05,0.06,0.08
Industrialized Asia,Fish and seafood,0.15,0.02,0.06,0.11,0.08
Industrialized Asia,Milk,0.04,0.01,0.01,0.01,0.05
Sub-Saharan Africa,Cereals,0.06,0.08,0.04,0.02,0.01
Sub-Saharan Africa,roots and tubers,0.14,0.18,0.15,0.05,0.02
Sub-Saharan Africa,Oilseeds and pulses,0.12,0.08,0.08,0.02,0.01
Sub-Saharan Africa,Fruits and vegetables,0.1,0.09,0.25,0.17,0.05
Sub-Saharan Africa,Meat,0.15,0.01,0.05,0.07,0.02
Sub-Saharan Africa,Fish and seafood,0.06,0.06,0.09,0.15,0.02
Sub-Saharan Africa,Milk,0.06,0.11,0,0.1,0
"North Africa, West and Central Asia",Cereals,0.06,0.08,0.05,0.04,0.12
"North Africa, West and Central Asia",roots and tubers,0.06,0.1,0.12,0.04,0.06
"North Africa, West and Central Asia",Oilseeds and pulses,0.15,0.06,0.08,0.02,0.02
"North Africa, West and Central Asia",Fruits and vegetables,0.17,0.1,0.2,0.15,0.12
"North Africa, West and Central Asia",Meat,0.07,0,0.05,0.05,0.08
"North Africa, West and Central Asia",Fish and seafood,0.07,0.05,0.09,0.1,0.04
"North Africa, West and Central Asia",Milk,0.04,0.06,0.02,0.08,0.02
South and Southeast Asia,Cereals,0.06,0.07,0.04,0.02,0.03
South and Southeast Asia,roots and tubers,0.06,0.19,0.1,0.11,0.03
South and Southeast Asia,Oilseeds and pulses,0.07,0.12,0.08,0.02,0.01
South and Southeast Asia,Fruits and vegetables,0.15,0.09,0.25,0.1,0.07
South and Southeast Asia,Meat,0.05,0,0.05,0.07,0.04
South and Southeast Asia,Fish and seafood,0.08,0.06,0.09,0.15,0.02
South and Southeast Asia,Milk,0.04,0.06,0.02,0.1,0.01
Latin America,Cereals,0.06,0.04,0.05,0.04,0.1
Latin America,roots and tubers,0.14,0.14,0.12,0.03,0.04
Latin America,Oilseeds and pulses,0.06,0.03,0.08,0.02,0.02
Latin America,Fruits and vegetables,0.2,0.1,0.2,0.12,0.1
Latin America,Meat,0.05,0.01,0.05,0.05,0.06
Latin America,Fish and seafood,0.06,0.05,0.09,0.1,0.04
Latin America,Milk,0.04,0.06,0.02,0.08,0.04
