GLEAMgroup,Animal species,Production system,Commodity,Item Code,kg_protein
Global,Buffaloes,Aggregated,Aggregated,999,3987894551
Global,Buffaloes,Grazing,Aggregated,999,584320530
Global,Buffaloes,Mixed,Aggregated,999,3403574021
ESEA,Buffaloes,Aggregated,Aggregated,999,251580533
ESEA,Buffaloes,Grazing,Aggregated,999,100233366
ESEA,Buffaloes,Mixed,Aggregated,999,151347167
EE,Buffaloes,Aggregated,Aggregated,999,1469520
EE,Buffaloes,Grazing,Aggregated,999,403148
EE,Buffaloes,Mixed,Aggregated,999,1066372
LAC,Buffaloes,Aggregated,Aggregated,999,32683557
LAC,Buffaloes,Grazing,Aggregated,999,19850015
LAC,Buffaloes,Mixed,Aggregated,999,12833542
NENA,Buffaloes,Aggregated,Aggregated,999,156524783
NENA,Buffaloes,Grazing,Aggregated,999,60320363
NENA,Buffaloes,Mixed,Aggregated,999,96204420
NAm,Buffaloes,Aggregated,Aggregated,999,7024894
NAm,Buffaloes,Grazing,Aggregated,999,2756737
NAm,Buffaloes,Mixed,Aggregated,999,4268157
OCE,Buffaloes,Aggregated,Aggregated,999,0
OCE,Buffaloes,Grazing,Aggregated,999,0
OCE,Buffaloes,Mixed,Aggregated,999,0
RUS,Buffaloes,Aggregated,Aggregated,999,98976
RUS,Buffaloes,Grazing,Aggregated,999,97635
RUS,Buffaloes,Mixed,Aggregated,999,1341
SA,Buffaloes,Aggregated,Aggregated,999,3517245597
SA,Buffaloes,Grazing,Aggregated,999,394245439
SA,Buffaloes,Mixed,Aggregated,999,3123000159
SSA,Buffaloes,Aggregated,Aggregated,999,0
SSA,Buffaloes,Grazing,Aggregated,999,0
SSA,Buffaloes,Mixed,Aggregated,999,0
WE,Buffaloes,Aggregated,Aggregated,999,21266690
WE,Buffaloes,Grazing,Aggregated,999,6413827
WE,Buffaloes,Mixed,Aggregated,999,14852863
Global,Buffaloes,Aggregated,Meat,947,598606679
Global,Buffaloes,Grazing,Meat,947,125203465
Global,Buffaloes,Mixed,Meat,947,473403215
ESEA,Buffaloes,Aggregated,Meat,947,113846658
ESEA,Buffaloes,Grazing,Meat,947,42623279
ESEA,Buffaloes,Mixed,Meat,947,71223379
EE,Buffaloes,Aggregated,Meat,947,561266
EE,Buffaloes,Grazing,Meat,947,139253
EE,Buffaloes,Mixed,Meat,947,422013
LAC,Buffaloes,Aggregated,Meat,947,20258812
LAC,Buffaloes,Grazing,Meat,947,12303757
LAC,Buffaloes,Mixed,Meat,947,7955055
NENA,Buffaloes,Aggregated,Meat,947,37934030
NENA,Buffaloes,Grazing,Meat,947,17005518
NENA,Buffaloes,Mixed,Meat,947,20928512
NAm,Buffaloes,Aggregated,Meat,947,1236461
NAm,Buffaloes,Grazing,Meat,947,485217
NAm,Buffaloes,Mixed,Meat,947,751244
OCE,Buffaloes,Aggregated,Meat,947,0
OCE,Buffaloes,Grazing,Meat,947,0
OCE,Buffaloes,Mixed,Meat,947,0
RUS,Buffaloes,Aggregated,Meat,947,98976
RUS,Buffaloes,Grazing,Meat,947,97635
RUS,Buffaloes,Mixed,Meat,947,1341
SA,Buffaloes,Aggregated,Meat,947,420927297
SA,Buffaloes,Grazing,Meat,947,51419898
SA,Buffaloes,Mixed,Meat,947,369507399
SSA,Buffaloes,Aggregated,Meat,947,0
SSA,Buffaloes,Grazing,Meat,947,0
SSA,Buffaloes,Mixed,Meat,947,0
WE,Buffaloes,Aggregated,Meat,947,3743178
WE,Buffaloes,Grazing,Meat,947,1128906
WE,Buffaloes,Mixed,Meat,947,2614272
Global,Buffaloes,Aggregated,Milk,951,3389287872
Global,Buffaloes,Grazing,Milk,951,459117065
Global,Buffaloes,Mixed,Milk,951,2930170806
ESEA,Buffaloes,Aggregated,Milk,951,137733875
ESEA,Buffaloes,Grazing,Milk,951,57610087
ESEA,Buffaloes,Mixed,Milk,951,80123788
EE,Buffaloes,Aggregated,Milk,951,908254
EE,Buffaloes,Grazing,Milk,951,263895
EE,Buffaloes,Mixed,Milk,951,644359
LAC,Buffaloes,Aggregated,Milk,951,12424745
LAC,Buffaloes,Grazing,Milk,951,7546258
LAC,Buffaloes,Mixed,Milk,951,4878487
NENA,Buffaloes,Aggregated,Milk,951,118590753
NENA,Buffaloes,Grazing,Milk,951,43314845
NENA,Buffaloes,Mixed,Milk,951,75275908
NAm,Buffaloes,Aggregated,Milk,951,5788433
NAm,Buffaloes,Grazing,Milk,951,2271520
NAm,Buffaloes,Mixed,Milk,951,3516913
OCE,Buffaloes,Aggregated,Milk,951,0
OCE,Buffaloes,Grazing,Milk,951,0
OCE,Buffaloes,Mixed,Milk,951,0
RUS,Buffaloes,Aggregated,Milk,951,0
RUS,Buffaloes,Grazing,Milk,951,0
RUS,Buffaloes,Mixed,Milk,951,0
SA,Buffaloes,Aggregated,Milk,951,3096318300
SA,Buffaloes,Grazing,Milk,951,342825540
SA,Buffaloes,Mixed,Milk,951,2753492760
SSA,Buffaloes,Aggregated,Milk,951,0
SSA,Buffaloes,Grazing,Milk,951,0
SSA,Buffaloes,Mixed,Milk,951,0
WE,Buffaloes,Aggregated,Milk,951,17523512
WE,Buffaloes,Grazing,Milk,951,5284921
WE,Buffaloes,Mixed,Milk,951,12238591
Global,Cattle,Aggregated,Aggregated,999,29163104088
Global,Cattle,Grazing,Aggregated,999,10338174726
Global,Cattle,Mixed,Aggregated,999,17306165403
Global,Cattle,Feedlot,Aggregated,999,1518763959
ESEA,Cattle,Aggregated,Aggregated,999,2987340129
ESEA,Cattle,Grazing,Aggregated,999,1054486254
ESEA,Cattle,Mixed,Aggregated,999,1688002161
ESEA,Cattle,Feedlot,Aggregated,999,244851714
EE,Cattle,Aggregated,Aggregated,999,1341687522
EE,Cattle,Grazing,Aggregated,999,298092352
EE,Cattle,Mixed,Aggregated,999,1043595171
EE,Cattle,Feedlot,Aggregated,999,0
LAC,Cattle,Aggregated,Aggregated,999,5746575608
LAC,Cattle,Grazing,Aggregated,999,2190286671
LAC,Cattle,Mixed,Aggregated,999,3397566250
LAC,Cattle,Feedlot,Aggregated,999,158722687
NENA,Cattle,Aggregated,Aggregated,999,1914012650
NENA,Cattle,Grazing,Aggregated,999,779282216
NENA,Cattle,Mixed,Aggregated,999,1134730434
NENA,Cattle,Feedlot,Aggregated,999,0
NAm,Cattle,Aggregated,Aggregated,999,4946002847
NAm,Cattle,Grazing,Aggregated,999,1848976675
NAm,Cattle,Mixed,Aggregated,999,2042614590
NAm,Cattle,Feedlot,Aggregated,999,1054411582
OCE,Cattle,Aggregated,Aggregated,999,1183635557
OCE,Cattle,Grazing,Aggregated,999,651100643
OCE,Cattle,Mixed,Aggregated,999,493317882
OCE,Cattle,Feedlot,Aggregated,999,39217031
RUS,Cattle,Aggregated,Aggregated,999,1107404451
RUS,Cattle,Grazing,Aggregated,999,487407716
RUS,Cattle,Mixed,Aggregated,999,619996736
RUS,Cattle,Feedlot,Aggregated,999,0
SA,Cattle,Aggregated,Aggregated,999,3312078805
SA,Cattle,Grazing,Aggregated,999,692656482
SA,Cattle,Mixed,Aggregated,999,2619422324
SA,Cattle,Feedlot,Aggregated,999,0
SSA,Cattle,Aggregated,Aggregated,999,1082201923
SSA,Cattle,Grazing,Aggregated,999,527468238
SSA,Cattle,Mixed,Aggregated,999,538947221
SSA,Cattle,Feedlot,Aggregated,999,15786463
WE,Cattle,Aggregated,Aggregated,999,5542164596
WE,Cattle,Grazing,Aggregated,999,1808417480
WE,Cattle,Mixed,Aggregated,999,3727972634
WE,Cattle,Feedlot,Aggregated,999,5774482
Global,Cattle,Aggregated,Meat,867,10282218784
Global,Cattle,Grazing,Meat,867,3397520251
Global,Cattle,Mixed,Meat,867,5365934574
Global,Cattle,Feedlot,Meat,867,1518763959
ESEA,Cattle,Aggregated,Meat,867,1252082280
ESEA,Cattle,Grazing,Meat,867,287191437
ESEA,Cattle,Mixed,Meat,867,720039130
ESEA,Cattle,Feedlot,Meat,867,244851714
EE,Cattle,Aggregated,Meat,867,262968610
EE,Cattle,Grazing,Meat,867,58310525
EE,Cattle,Mixed,Meat,867,204658085
EE,Cattle,Feedlot,Meat,867,0
LAC,Cattle,Aggregated,Meat,867,3289672223
LAC,Cattle,Grazing,Meat,867,1259369346
LAC,Cattle,Mixed,Meat,867,1871580190
LAC,Cattle,Feedlot,Meat,867,158722687
NENA,Cattle,Aggregated,Meat,867,474522013
NENA,Cattle,Grazing,Meat,867,208255919
NENA,Cattle,Mixed,Meat,867,266266095
NENA,Cattle,Feedlot,Meat,867,0
NAm,Cattle,Aggregated,Meat,867,2052737405
NAm,Cattle,Grazing,Meat,867,482285074
NAm,Cattle,Mixed,Meat,867,516040749
NAm,Cattle,Feedlot,Meat,867,1054411582
OCE,Cattle,Aggregated,Meat,867,384295245
OCE,Cattle,Grazing,Meat,867,202876517
OCE,Cattle,Mixed,Meat,867,142201697
OCE,Cattle,Feedlot,Meat,867,39217031
RUS,Cattle,Aggregated,Meat,867,250817365
RUS,Cattle,Grazing,Meat,867,110393559
RUS,Cattle,Mixed,Meat,867,140423805
RUS,Cattle,Feedlot,Meat,867,0
SA,Cattle,Aggregated,Meat,867,686926779
SA,Cattle,Grazing,Meat,867,140905260
SA,Cattle,Mixed,Meat,867,546021520
SA,Cattle,Feedlot,Meat,867,0
SSA,Cattle,Aggregated,Meat,867,456743758
SSA,Cattle,Grazing,Meat,867,249570459
SSA,Cattle,Mixed,Meat,867,191386836
SSA,Cattle,Feedlot,Meat,867,15786463
WE,Cattle,Aggregated,Meat,867,1171453106
WE,Cattle,Grazing,Meat,867,398362156
WE,Cattle,Mixed,Meat,867,767316468
WE,Cattle,Feedlot,Meat,867,5774482
Global,Cattle,Aggregated,Milk,882,18880885304
Global,Cattle,Grazing,Milk,882,6940654476
Global,Cattle,Mixed,Milk,882,11940230829
ESEA,Cattle,Aggregated,Milk,882,1735257848
ESEA,Cattle,Grazing,Milk,882,767294817
ESEA,Cattle,Mixed,Milk,882,967963031
EE,Cattle,Aggregated,Milk,882,1078718913
EE,Cattle,Grazing,Milk,882,239781827
EE,Cattle,Mixed,Milk,882,838937086
LAC,Cattle,Aggregated,Milk,882,2456903385
LAC,Cattle,Grazing,Milk,882,930917325
LAC,Cattle,Mixed,Milk,882,1525986060
NENA,Cattle,Aggregated,Milk,882,1439490637
NENA,Cattle,Grazing,Milk,882,571026297
NENA,Cattle,Mixed,Milk,882,868464339
NAm,Cattle,Aggregated,Milk,882,2893265442
NAm,Cattle,Grazing,Milk,882,1366691601
NAm,Cattle,Mixed,Milk,882,1526573841
OCE,Cattle,Aggregated,Milk,882,799340312
OCE,Cattle,Grazing,Milk,882,448224127
OCE,Cattle,Mixed,Milk,882,351116185
RUS,Cattle,Aggregated,Milk,882,856587087
RUS,Cattle,Grazing,Milk,882,377014157
RUS,Cattle,Mixed,Milk,882,479572930
SA,Cattle,Aggregated,Milk,882,2625152026
SA,Cattle,Grazing,Milk,882,551751222
SA,Cattle,Mixed,Milk,882,2073400804
SSA,Cattle,Aggregated,Milk,882,625458165
SSA,Cattle,Grazing,Milk,882,277897779
SSA,Cattle,Mixed,Milk,882,347560386
WE,Cattle,Aggregated,Milk,882,4370711490
WE,Cattle,Grazing,Milk,882,1410055324
WE,Cattle,Mixed,Milk,882,2960656166
Global,Chicken,Aggregated,Aggregated,999,23364080048
Global,Chicken,Backyard,Aggregated,999,962814384
Global,Chicken,Layers,Aggregated,999,9218647724
Global,Chicken,Broilers,Aggregated,999,13182617940
ESEA,Chicken,Aggregated,Aggregated,999,8309232863
ESEA,Chicken,Backyard,Aggregated,999,312983986
ESEA,Chicken,Layers,Aggregated,999,4997128629
ESEA,Chicken,Broilers,Aggregated,999,2999120247
EE,Chicken,Aggregated,Aggregated,999,639751607
EE,Chicken,Backyard,Aggregated,999,124005957
EE,Chicken,Layers,Aggregated,999,192886091
EE,Chicken,Broilers,Aggregated,999,322859559
LAC,Chicken,Aggregated,Aggregated,999,4842447841
LAC,Chicken,Backyard,Aggregated,999,97841976
LAC,Chicken,Layers,Aggregated,999,1085005320
LAC,Chicken,Broilers,Aggregated,999,3659600546
NENA,Chicken,Aggregated,Aggregated,999,1362693952
NENA,Chicken,Backyard,Aggregated,999,60129377
NENA,Chicken,Layers,Aggregated,999,451238937
NENA,Chicken,Broilers,Aggregated,999,851325637
NAm,Chicken,Aggregated,Aggregated,999,3367068705
NAm,Chicken,Backyard,Aggregated,999,0
NAm,Chicken,Layers,Aggregated,999,770300070
NAm,Chicken,Broilers,Aggregated,999,2596768635
OCE,Chicken,Aggregated,Aggregated,999,141457420
OCE,Chicken,Backyard,Aggregated,999,905831
OCE,Chicken,Layers,Aggregated,999,25227344
OCE,Chicken,Broilers,Aggregated,999,115324245
RUS,Chicken,Aggregated,Aggregated,999,564984327
RUS,Chicken,Backyard,Aggregated,999,9579949
RUS,Chicken,Layers,Aggregated,999,254486161
RUS,Chicken,Broilers,Aggregated,999,300918217
SA,Chicken,Aggregated,Aggregated,999,2161699775
SA,Chicken,Backyard,Aggregated,999,244999048
SA,Chicken,Layers,Aggregated,999,709559029
SA,Chicken,Broilers,Aggregated,999,1207141698
SSA,Chicken,Aggregated,Aggregated,999,454659722
SSA,Chicken,Backyard,Aggregated,999,101626842
SSA,Chicken,Layers,Aggregated,999,130311545
SSA,Chicken,Broilers,Aggregated,999,222721336
WE,Chicken,Aggregated,Aggregated,999,1520083835
WE,Chicken,Backyard,Aggregated,999,10741418
WE,Chicken,Layers,Aggregated,999,602504597
WE,Chicken,Broilers,Aggregated,999,906837821
Global,Chicken,Aggregated,Eggs,1783,9026864638
Global,Chicken,Backyard,Eggs,1783,708756224
Global,Chicken,Layers,Eggs,1783,8318108414
ESEA,Chicken,Aggregated,Eggs,1783,4596888703
ESEA,Chicken,Backyard,Eggs,1783,193531400
ESEA,Chicken,Layers,Eggs,1783,4403357303
EE,Chicken,Aggregated,Eggs,1783,281685140
EE,Chicken,Backyard,Eggs,1783,104164464
EE,Chicken,Layers,Eggs,1783,177520676
LAC,Chicken,Aggregated,Eggs,1783,1083435809
LAC,Chicken,Backyard,Eggs,1783,80496312
LAC,Chicken,Layers,Eggs,1783,1002939497
NENA,Chicken,Aggregated,Eggs,1783,448338491
NENA,Chicken,Backyard,Eggs,1783,47085177
NENA,Chicken,Layers,Eggs,1783,401253314
NAm,Chicken,Aggregated,Eggs,1783,745331592
NAm,Chicken,Backyard,Eggs,1783,0
NAm,Chicken,Layers,Eggs,1783,745331592
OCE,Chicken,Aggregated,Eggs,1783,24030212
OCE,Chicken,Backyard,Eggs,1783,686481
OCE,Chicken,Layers,Eggs,1783,23343732
RUS,Chicken,Aggregated,Eggs,1783,238672054
RUS,Chicken,Backyard,Eggs,1783,8070862
RUS,Chicken,Layers,Eggs,1783,230601192
SA,Chicken,Aggregated,Eggs,1783,858870201
SA,Chicken,Backyard,Eggs,1783,202234660
SA,Chicken,Layers,Eggs,1783,656635540
SSA,Chicken,Aggregated,Eggs,1783,172824858
SSA,Chicken,Backyard,Eggs,1783,63895181
SSA,Chicken,Layers,Eggs,1783,108929677
WE,Chicken,Aggregated,Eggs,1783,576787578
WE,Chicken,Backyard,Eggs,1783,8591687
WE,Chicken,Layers,Eggs,1783,568195891
Global,Chicken,Aggregated,Meat,1808,14337215410
Global,Chicken,Backyard,Meat,1808,254058160
Global,Chicken,Layers,Meat,1808,900539310
Global,Chicken,Broilers,Meat,1808,13182617940
ESEA,Chicken,Aggregated,Meat,1808,3712344160
ESEA,Chicken,Backyard,Meat,1808,119452587
ESEA,Chicken,Layers,Meat,1808,593771326
ESEA,Chicken,Broilers,Meat,1808,2999120247
EE,Chicken,Aggregated,Meat,1808,358066467
EE,Chicken,Backyard,Meat,1808,19841493
EE,Chicken,Layers,Meat,1808,15365416
EE,Chicken,Broilers,Meat,1808,322859559
LAC,Chicken,Aggregated,Meat,1808,3759012032
LAC,Chicken,Backyard,Meat,1808,17345664
LAC,Chicken,Layers,Meat,1808,82065823
LAC,Chicken,Broilers,Meat,1808,3659600546
NENA,Chicken,Aggregated,Meat,1808,914355461
NENA,Chicken,Backyard,Meat,1808,13044200
NENA,Chicken,Layers,Meat,1808,49985623
NENA,Chicken,Broilers,Meat,1808,851325637
NAm,Chicken,Aggregated,Meat,1808,2621737113
NAm,Chicken,Backyard,Meat,1808,0
NAm,Chicken,Layers,Meat,1808,24968478
NAm,Chicken,Broilers,Meat,1808,2596768635
OCE,Chicken,Aggregated,Meat,1808,117427208
OCE,Chicken,Backyard,Meat,1808,219351
OCE,Chicken,Layers,Meat,1808,1883613
OCE,Chicken,Broilers,Meat,1808,115324245
RUS,Chicken,Aggregated,Meat,1808,326312273
RUS,Chicken,Backyard,Meat,1808,1509087
RUS,Chicken,Layers,Meat,1808,23884969
RUS,Chicken,Broilers,Meat,1808,300918217
SA,Chicken,Aggregated,Meat,1808,1302829574
SA,Chicken,Backyard,Meat,1808,42764387
SA,Chicken,Layers,Meat,1808,52923489
SA,Chicken,Broilers,Meat,1808,1207141698
SSA,Chicken,Aggregated,Meat,1808,281834864
SSA,Chicken,Backyard,Meat,1808,37731661
SSA,Chicken,Layers,Meat,1808,21381868
SSA,Chicken,Broilers,Meat,1808,222721336
WE,Chicken,Aggregated,Meat,1808,943296257
WE,Chicken,Backyard,Meat,1808,2149731
WE,Chicken,Layers,Meat,1808,34308705
WE,Chicken,Broilers,Meat,1808,906837821
Global,Goats,Aggregated,Aggregated,999,1284245384
Global,Goats,Grazing,Aggregated,999,470376637
Global,Goats,Mixed,Aggregated,999,813868747
ESEA,Goats,Aggregated,Aggregated,999,299380579
ESEA,Goats,Grazing,Aggregated,999,111197592
ESEA,Goats,Mixed,Aggregated,999,188182987
EE,Goats,Aggregated,Aggregated,999,11416002
EE,Goats,Grazing,Aggregated,999,2286716
EE,Goats,Mixed,Aggregated,999,9129285
LAC,Goats,Aggregated,Aggregated,999,45656710
LAC,Goats,Grazing,Aggregated,999,29692609
LAC,Goats,Mixed,Aggregated,999,15964101
NENA,Goats,Aggregated,Aggregated,999,152044000
NENA,Goats,Grazing,Aggregated,999,91798314
NENA,Goats,Mixed,Aggregated,999,60245686
NAm,Goats,Aggregated,Aggregated,999,11341774
NAm,Goats,Grazing,Aggregated,999,6753398
NAm,Goats,Mixed,Aggregated,999,4588376
OCE,Goats,Aggregated,Aggregated,999,6385131
OCE,Goats,Grazing,Aggregated,999,4468920
OCE,Goats,Mixed,Aggregated,999,1916210
RUS,Goats,Aggregated,Aggregated,999,12089923
RUS,Goats,Grazing,Aggregated,999,5649430
RUS,Goats,Mixed,Aggregated,999,6440493
SA,Goats,Aggregated,Aggregated,999,471141051
SA,Goats,Grazing,Aggregated,999,88291605
SA,Goats,Mixed,Aggregated,999,382849446
SSA,Goats,Aggregated,Aggregated,999,206393291
SSA,Goats,Grazing,Aggregated,999,108164125
SSA,Goats,Mixed,Aggregated,999,98229166
WE,Goats,Aggregated,Aggregated,999,68396925
WE,Goats,Grazing,Aggregated,999,22073927
WE,Goats,Mixed,Aggregated,999,46322997
Global,Goats,Aggregated,Meat,1017,743816800
Global,Goats,Grazing,Meat,1017,294534780
Global,Goats,Mixed,Meat,1017,449282020
ESEA,Goats,Aggregated,Meat,1017,277080444
ESEA,Goats,Grazing,Meat,1017,104471987
ESEA,Goats,Mixed,Meat,1017,172608458
EE,Goats,Aggregated,Meat,1017,3876579
EE,Goats,Grazing,Meat,1017,843541
EE,Goats,Mixed,Meat,1017,3033038
LAC,Goats,Aggregated,Meat,1017,32729464
LAC,Goats,Grazing,Meat,1017,21909448
LAC,Goats,Mixed,Meat,1017,10820016
NENA,Goats,Aggregated,Meat,1017,79494195
NENA,Goats,Grazing,Meat,1017,50608417
NENA,Goats,Mixed,Meat,1017,28885778
NAm,Goats,Aggregated,Meat,1017,6054304
NAm,Goats,Grazing,Meat,1017,3604842
NAm,Goats,Mixed,Meat,1017,2449461
OCE,Goats,Aggregated,Meat,1017,6383132
OCE,Goats,Grazing,Meat,1017,4467637
OCE,Goats,Mixed,Meat,1017,1915494
RUS,Goats,Aggregated,Meat,1017,3581786
RUS,Goats,Grazing,Meat,1017,1673712
RUS,Goats,Mixed,Meat,1017,1908074
SA,Goats,Aggregated,Meat,1017,190169114
SA,Goats,Grazing,Meat,1017,40820949
SA,Goats,Mixed,Meat,1017,149348165
SSA,Goats,Aggregated,Meat,1017,126653526
SSA,Goats,Grazing,Meat,1017,59738548
SSA,Goats,Mixed,Meat,1017,66914978
WE,Goats,Aggregated,Meat,1017,17794257
WE,Goats,Grazing,Meat,1017,6395699
WE,Goats,Mixed,Meat,1017,11398557
Global,Goats,Aggregated,Milk,1020,540428584
Global,Goats,Grazing,Milk,1020,175841857
Global,Goats,Mixed,Milk,1020,364586727
ESEA,Goats,Aggregated,Milk,1020,22300134
ESEA,Goats,Grazing,Milk,1020,6725605
ESEA,Goats,Mixed,Milk,1020,15574529
EE,Goats,Aggregated,Milk,1020,7539423
EE,Goats,Grazing,Milk,1020,1443176
EE,Goats,Mixed,Milk,1020,6096247
LAC,Goats,Aggregated,Milk,1020,12927246
LAC,Goats,Grazing,Milk,1020,7783162
LAC,Goats,Mixed,Milk,1020,5144084
NENA,Goats,Aggregated,Milk,1020,72549805
NENA,Goats,Grazing,Milk,1020,41189897
NENA,Goats,Mixed,Milk,1020,31359908
NAm,Goats,Aggregated,Milk,1020,5287470
NAm,Goats,Grazing,Milk,1020,3148555
NAm,Goats,Mixed,Milk,1020,2138915
OCE,Goats,Aggregated,Milk,1020,1999
OCE,Goats,Grazing,Milk,1020,1283
OCE,Goats,Mixed,Milk,1020,716
RUS,Goats,Aggregated,Milk,1020,8508137
RUS,Goats,Grazing,Milk,1020,3975718
RUS,Goats,Mixed,Milk,1020,4532419
SA,Goats,Aggregated,Milk,1020,280971937
SA,Goats,Grazing,Milk,1020,47470656
SA,Goats,Mixed,Milk,1020,233501281
SSA,Goats,Aggregated,Milk,1020,79739765
SSA,Goats,Grazing,Milk,1020,48425577
SSA,Goats,Mixed,Milk,1020,31314188
WE,Goats,Aggregated,Milk,1020,50602668
WE,Goats,Grazing,Milk,1020,15678228
WE,Goats,Mixed,Milk,1020,34924440
Global,Pigs,Aggregated,Meat,1017,14884881272
Global,Pigs,Backyard,Meat,1035,3898979871
Global,Pigs,Intermediate,Meat,1035,2620556683
Global,Pigs,Industrial,Meat,1035,8365344718
ESEA,Pigs,Aggregated,Meat,1035,7291823033
ESEA,Pigs,Backyard,Meat,1035,3087126686
ESEA,Pigs,Intermediate,Meat,1035,2087774049
ESEA,Pigs,Industrial,Meat,1035,2116922299
EE,Pigs,Aggregated,Meat,1035,709829816
EE,Pigs,Backyard,Meat,1035,119842334
EE,Pigs,Intermediate,Meat,1035,155565054
EE,Pigs,Industrial,Meat,1035,434422429
LAC,Pigs,Aggregated,Meat,1035,1392822455
LAC,Pigs,Backyard,Meat,1035,352601944
LAC,Pigs,Intermediate,Meat,1035,240148701
LAC,Pigs,Industrial,Meat,1035,800071811
NENA,Pigs,Aggregated,Meat,1035,42254201
NENA,Pigs,Backyard,Meat,1035,6062804
NENA,Pigs,Intermediate,Meat,1035,6370718
NENA,Pigs,Industrial,Meat,1035,29820679
NAm,Pigs,Aggregated,Meat,1035,1742059130
NAm,Pigs,Backyard,Meat,1035,0
NAm,Pigs,Intermediate,Meat,1035,0
NAm,Pigs,Industrial,Meat,1035,1742059130
OCE,Pigs,Aggregated,Meat,1035,80725723
OCE,Pigs,Backyard,Meat,1035,27509668
OCE,Pigs,Intermediate,Meat,1035,1683662
OCE,Pigs,Industrial,Meat,1035,51532393
RUS,Pigs,Aggregated,Meat,1035,310066948
RUS,Pigs,Backyard,Meat,1035,75007746
RUS,Pigs,Intermediate,Meat,1035,14575668
RUS,Pigs,Industrial,Meat,1035,220483535
SA,Pigs,Aggregated,Meat,1035,123199897
SA,Pigs,Backyard,Meat,1035,76899051
SA,Pigs,Intermediate,Meat,1035,33037173
SA,Pigs,Industrial,Meat,1035,13263673
SSA,Pigs,Aggregated,Meat,1035,229929188
SSA,Pigs,Backyard,Meat,1035,130224442
SSA,Pigs,Intermediate,Meat,1035,43572965
SSA,Pigs,Industrial,Meat,1035,56131781
WE,Pigs,Aggregated,Meat,1035,2962170879
WE,Pigs,Backyard,Meat,1035,23705196
WE,Pigs,Intermediate,Meat,1035,37828694
WE,Pigs,Industrial,Meat,1035,2900636989
Global,Sheep,Aggregated,Aggregated,999,1596763478
Global,Sheep,Grazing,Aggregated,999,754246615
Global,Sheep,Mixed,Aggregated,999,842516863
ESEA,Sheep,Aggregated,Aggregated,999,277016278
ESEA,Sheep,Grazing,Aggregated,999,151840649
ESEA,Sheep,Mixed,Aggregated,999,125175629
EE,Sheep,Aggregated,Aggregated,999,45669487
EE,Sheep,Grazing,Aggregated,999,12144894
EE,Sheep,Mixed,Aggregated,999,33524593
LAC,Sheep,Aggregated,Aggregated,999,95946240
LAC,Sheep,Grazing,Aggregated,999,64185505
LAC,Sheep,Mixed,Aggregated,999,31760735
NENA,Sheep,Aggregated,Aggregated,999,342164717
NENA,Sheep,Grazing,Aggregated,999,164883030
NENA,Sheep,Mixed,Aggregated,999,177281687
NAm,Sheep,Aggregated,Aggregated,999,9801088
NAm,Sheep,Grazing,Aggregated,999,8577043
NAm,Sheep,Mixed,Aggregated,999,1224045
OCE,Sheep,Aggregated,Aggregated,999,200052218
OCE,Sheep,Grazing,Aggregated,999,82444481
OCE,Sheep,Mixed,Aggregated,999,117607737
RUS,Sheep,Aggregated,Aggregated,999,23205624
RUS,Sheep,Grazing,Aggregated,999,10873755
RUS,Sheep,Mixed,Aggregated,999,12331869
SA,Sheep,Aggregated,Aggregated,999,147098746
SA,Sheep,Grazing,Aggregated,999,53483676
SA,Sheep,Mixed,Aggregated,999,93615070
SSA,Sheep,Aggregated,Aggregated,999,179273596
SSA,Sheep,Grazing,Aggregated,999,105732190
SSA,Sheep,Mixed,Aggregated,999,73541406
WE,Sheep,Aggregated,Aggregated,999,276535483
WE,Sheep,Grazing,Aggregated,999,100081391
WE,Sheep,Mixed,Aggregated,999,176454093
Global,Sheep,Aggregated,Meat,977,1073721810
Global,Sheep,Grazing,Meat,977,513147958
Global,Sheep,Mixed,Meat,977,560573851
ESEA,Sheep,Aggregated,Meat,977,125879605
ESEA,Sheep,Grazing,Meat,977,68786862
ESEA,Sheep,Mixed,Meat,977,57092743
EE,Sheep,Aggregated,Meat,977,17261888
EE,Sheep,Grazing,Meat,977,4294914
EE,Sheep,Mixed,Meat,977,12966974
LAC,Sheep,Aggregated,Meat,977,93790215
LAC,Sheep,Grazing,Meat,977,62388236
LAC,Sheep,Mixed,Meat,977,31401979
NENA,Sheep,Aggregated,Meat,977,193201461
NENA,Sheep,Grazing,Meat,977,103659002
NENA,Sheep,Mixed,Meat,977,89542459
NAm,Sheep,Aggregated,Meat,977,9801088
NAm,Sheep,Grazing,Meat,977,8577043
NAm,Sheep,Mixed,Meat,977,1224045
OCE,Sheep,Aggregated,Meat,977,200052218
OCE,Sheep,Grazing,Meat,977,82444481
OCE,Sheep,Mixed,Meat,977,117607737
RUS,Sheep,Aggregated,Meat,977,23145046
RUS,Sheep,Grazing,Meat,977,10845369
RUS,Sheep,Mixed,Meat,977,12299677
SA,Sheep,Aggregated,Meat,977,105657382
SA,Sheep,Grazing,Meat,977,33874549
SA,Sheep,Mixed,Meat,977,71782834
SSA,Sheep,Aggregated,Meat,977,123952808
SSA,Sheep,Grazing,Meat,977,65955634
SSA,Sheep,Mixed,Meat,977,57997174
WE,Sheep,Aggregated,Meat,977,180980098
WE,Sheep,Grazing,Meat,977,72321868
WE,Sheep,Mixed,Meat,977,108658230
Global,Sheep,Aggregated,Milk,982,523041669
Global,Sheep,Grazing,Milk,982,241098657
Global,Sheep,Mixed,Milk,982,281943012
ESEA,Sheep,Aggregated,Milk,982,151136673
ESEA,Sheep,Grazing,Milk,982,83053787
ESEA,Sheep,Mixed,Milk,982,68082886
EE,Sheep,Aggregated,Milk,982,28407599
EE,Sheep,Grazing,Milk,982,7849980
EE,Sheep,Mixed,Milk,982,20557619
LAC,Sheep,Aggregated,Milk,982,2156026
LAC,Sheep,Grazing,Milk,982,1797270
LAC,Sheep,Mixed,Milk,982,358756
NENA,Sheep,Aggregated,Milk,982,148963256
NENA,Sheep,Grazing,Milk,982,61224028
NENA,Sheep,Mixed,Milk,982,87739228
NAm,Sheep,Aggregated,Milk,982,0
NAm,Sheep,Grazing,Milk,982,0
NAm,Sheep,Mixed,Milk,982,0
OCE,Sheep,Aggregated,Milk,982,0
OCE,Sheep,Grazing,Milk,982,0
OCE,Sheep,Mixed,Milk,982,0
RUS,Sheep,Aggregated,Milk,982,60578
RUS,Sheep,Grazing,Milk,982,28386
RUS,Sheep,Mixed,Milk,982,32192
SA,Sheep,Aggregated,Milk,982,41441364
SA,Sheep,Grazing,Milk,982,19609128
SA,Sheep,Mixed,Milk,982,21832236
SSA,Sheep,Aggregated,Milk,982,55320788
SSA,Sheep,Grazing,Milk,982,39776557
SSA,Sheep,Mixed,Milk,982,15544232
WE,Sheep,Aggregated,Milk,982,95555385
WE,Sheep,Grazing,Milk,982,27759523
WE,Sheep,Mixed,Milk,982,67795863
