Item Code,Item,byprod,ratio_rend_prod
1808,Poultry meat,poultry_byproduct_meal,0.1
1808,Poultry meat,poultry_oil,0.123
1808,Poultry meat,blood_meal_poultry,0.0084
1808,Poultry meat,hydrolyzed_feather_meal,0.06
1035,Pig meat,meat_meal,0.06
1035,Pig meat,animal_fat,0.04
1035,Pig meat,blood_meal_pig,0.01
867,Cattle meat,meat_and_bone_meal_bovine,0.09
867,Cattle meat,animal_fat_bovine,0.12
867,Cattle meat,blood_meal_bovine,0.01
1017,Goat meat,meat_meal,0.09
1017,Goat meat,animal_fat,0.12
1017,Goat meat,blood_meal_goat,0.01
977,Sheep meat,meat_meal,0.09
977,Sheep meat,animal_fat,0.12
977,Sheep meat,blood_meal_sheep,0.01
1783,Poultry eggs,poultry_byproduct_meal,0.1
1783,Poultry eggs,poultry_oil,0.123
1783,Poultry eggs,blood_meal_poultry,0.0084
1783,Poultry eggs,hydrolyzed_feather_meal,0.08
