animal_species,Commodity,Item Code,Production system,feed_group,feed_material,NAm,RUS,WE,EE,NENA,ESEA,OCE,SA,LAC,SSA
Pig,Meat,1035,Backyard,food_crops,barley,0,5.7,3.5,5.7,5.5,0,0.5,0,0,0
Pig,Meat,1035,Backyard,food_crops,cassava,0,0,0,0,0,0.5,9,0,0.9,13.5
Pig,Meat,1035,Backyard,agroind,cottonseed_meal,0,1,1,0.8,7.5,3.3,0.5,4.3,1.2,1.8
Pig,Meat,1035,Backyard,agroind,dry_pb_grain_ind,0,14.7,19.3,15.8,19.87,16.8,2.4,10.6,6.7,8.9
Pig,Meat,1035,Backyard,roughages,grass_and_leaves,0,0,0,0,0,0,7.1,0,0,0
Pig,Meat,1035,Backyard,food_crops,maize,0,2,22.3,12.3,5,9.8,3,1.9,7.8,8.6
Pig,Meat,1035,Backyard,food_crops,millet,0,0,0,0,0,0,0,1,0,1.7
Pig,Meat,1035,Backyard,agroind,oilseed_meal,0,17.5,6.1,19.7,4.4,0.6,0,0,0,0.9
Pig,Meat,1035,Backyard,agroind,oilseed_meal,0,1,1,1,0.5,1,1.5,1,0.5,0
Pig,Meat,1035,Backyard,food_crops,pulses,0,0.7,0.5,0,0.6,0,0,1.2,0.8,2.2
Pig,Meat,1035,Backyard,crop_residues,pulses_straw,0,5.3,4,2.8,5.1,2.9,2.4,13.5,7.6,25.3
Pig,Meat,1035,Backyard,food_crops,rice,0,0.6,1,0,1,17.9,0,12.4,2.5,4.3
Pig,Meat,1035,Backyard,food_crops,sorghum,0,0,0,0,0,0,0,0,1.4,4
Pig,Meat,1035,Backyard,food_crops,soybean_oil,0,0.11,0.2,0.18,0,0.14,0,0.13,0.27,0
Pig,Meat,1035,Backyard,agroind,soybean_meal,0,9.7,13,7.9,2.7,12.3,2.3,13,18,5.8
Pig,Meat,1035,Backyard,crop_residues,sugarcane_tops,0,0,0,0,0,8.6,50.8,14.8,31.9,5.7
Pig,Meat,1035,Backyard,food_crops,wheat,0,21.2,12.3,13.5,28,5.9,1.1,5.7,1.3,0
Pig,Meat,1035,Backyard,swill,swill,0,20,14.8,19.5,20,19.6,19.4,20,17.9,17.3
Pig,Meat,1035,Industrial,crop_residues,banana_residues,0,0,0,0,0,0,0,0,0,0
Pig,Meat,1035,Industrial,food_crops,barley,15.4,10,22,8.9,0,4.7,16,0,0,0
Pig,Meat,1035,Industrial,food_crops,cassava,0,0,0,0,14.9,1.7,0,10.5,1.7,14.7
Pig,Meat,1035,Industrial,agroind,"complements(aminoacids,minerals)",2,2,2,2,2,2,2,2,2,2.5
Pig,Meat,1035,Industrial,agroind,cottonseed_meal,0,0,0,0,0,0,0,3,0,1
Pig,Meat,1035,Industrial,agroind,dry_pb_grain_ind,4.1,5,5.2,6.1,5,8.3,0,5,1.6,3.4
Pig,Meat,1035,Industrial,fishmeal,fishmeal,0.33,0.33,0.33,0.33,0.33,0.33,0.33,0.33,0.33,0.33
Pig,Meat,1035,Industrial,food_crops,maize,55.6,20,11.9,26.6,23.8,49.4,0,19.8,45.9,22.3
Pig,Meat,1035,Industrial,food_crops,millet,0,0,0,0,1.5,0,0,0,0,14.6
Pig,Meat,1035,Industrial,agroind,molasses,0,0,1.6,0,0,0,0,0,0.5,3.3
Pig,Meat,1035,Industrial,agroind,oilseed_meal,0.9,10,10.5,9.8,0,0,0,0,0,1
Pig,Meat,1035,Industrial,agroind,palmkernel_cake,0,0,0.5,0,0,1.1,0,0,0,0
Pig,Meat,1035,Industrial,food_crops,pulses,0,0,2.4,0,0,0,0,0,0,0
Pig,Meat,1035,Industrial,crop_residues,pulses_straw,0,0,0,0,0,0,0,0,0,4.2
Pig,Meat,1035,Industrial,food_crops,rice,0,0,0,0,19.6,5.6,0,21.2,1.7,8
Pig,Meat,1035,Industrial,food_crops,sorghum,0,0,0,0,0,1,42.7,7.5,5.5,12.9
Pig,Meat,1035,Industrial,food_crops,soybean_oil,0,0,0,0,0.702,0.684,0,0.504,0.702,0
Pig,Meat,1035,Industrial,agroind,soybean_meal,10.8,15,15.8,15,24.3,17.2,19,23.5,21,3.9
Pig,Meat,1035,Industrial,crop_residues,sugarcane_tops,0,0,0,0,0,0,0,0,0,2.9
Pig,Meat,1035,Industrial,food_crops,wheat,10,34,27.4,28.5,0,3.6,20.3,0,14.7,0
Pig,Meat,1035,Intermediate,food_crops,barley,0,2.5,1.9,3.6,3.6,0,0.7,0,0,0
Pig,Meat,1035,Intermediate,food_crops,barley,0,7,8,7.4,0,1.73,8.4,0,0,0
Pig,Meat,1035,Intermediate,food_crops,cassava,0,0,0,0,7.5,0,1.9,0,0.9,16.4
Pig,Meat,1035,Intermediate,agroind,"complements(aminoacids,minerals)",0,1.4,1.2,1.4,1,0.91,1,1,1,1
Pig,Meat,1035,Intermediate,agroind,cottonseed_meal,0,0,0,0,2.5,1.27,0,6.5,0,1.5
Pig,Meat,1035,Intermediate,agroind,dry_pb_grain_ind,0,9.3,12.4,11.5,15.5,13.09,4,10.5,5.6,5.8
Pig,Meat,1035,Intermediate,fishmeal,fishmeal,0.33,0.33,0.33,0.33,0.33,0.33,0.33,0.33,0.33,0.33
Pig,Meat,1035,Intermediate,roughages,grass_and_leaves,0,0,0,0,0,0,2.5,0,0,0
Pig,Meat,1035,Intermediate,food_crops,maize,0,15.5,22.7,18.9,14.4,29.37,6.2,7.1,25,18.8
Pig,Meat,1035,Intermediate,food_crops,millet,0,0,0,0,0,0,0,0,0,9.9
Pig,Meat,1035,Intermediate,agroind,molasses,0,0,1.5,0,0,0,0,0,0,2.3
Pig,Meat,1035,Intermediate,agroind,oilseed_meal,0,13.9,9,10.2,3.1,0,0,0,0,0.8
Pig,Meat,1035,Intermediate,food_crops,pulses,0,0,1.5,0,0,0,0,1,0,1
Pig,Meat,1035,Intermediate,crop_residues,pulses_straw,0,1.9,1.5,1.7,2.8,0.91,4.6,8.9,2.7,11.7
Pig,Meat,1035,Intermediate,food_crops,rice,0,0,0,0,2.8,20.72,0,23,2.2,6.2
Pig,Meat,1035,Intermediate,food_crops,sorghum,0,0,0,0,0,0,21.4,12.4,5.2,9.1
Pig,Meat,1035,Intermediate,food_crops,soybean_oil,0,0,0.18,0,0.36,0.3114,0,0,0.648,0
Pig,Meat,1035,Intermediate,agroind,soybean_meal,0,13.3,16.7,12.5,14.4,16.9,11.1,15.5,28,5.8
Pig,Meat,1035,Intermediate,crop_residues,sugarcane_tops,0,0,0,0,0,5.45,25.4,8.8,16.2,5.7
Pig,Meat,1035,Intermediate,food_crops,wheat,0,31.9,20.1,30.8,19.4,4.73,12.8,2.8,8.2,0
Pig,Meat,1035,Intermediate,swill,swill,0,0,1.7,0,0,4.27,0,0,0.6,0.5
Chicken,Eggs,1783,Backyard,food_crops,barley,0,6.2,2.9,5.8,6.9,0,0,0.5,0,0
Chicken,Eggs,1783,Backyard,food_crops,cassava,0,0,0,0,0,1.5,33.2,0,1.9,11.2
Chicken,Eggs,1783,Backyard,agroind,cottonseed_meal,0,0,5.8,0,3.5,1.5,0,5,1,2.5
Chicken,Eggs,1783,Backyard,agroind,dry_pb_grain_ind,0,16.2,20.4,13.9,19,15.8,7.2,15,11.2,12.3
Chicken,Eggs,1783,Backyard,food_crops,maize,0,2.1,21.8,9.3,3.6,7.2,10,1.9,11.1,10.8
Chicken,Eggs,1783,Backyard,food_crops,millet,0,0,0,0,0,0,0,0.6,0,3.2
Chicken,Eggs,1783,Backyard,agroind,oilseed_meal,0,19.3,5.2,25,1.6,0.7,0,0.5,0.8,1.4
Chicken,Eggs,1783,Backyard,food_crops,pulses,0,0.8,0.7,0,1.5,0.6,1.7,1,1.8,2.7
Chicken,Eggs,1783,Backyard,food_crops,rice,0,0.5,0.8,0,1.6,21.6,0.4,16.9,8.4,5.4
Chicken,Eggs,1783,Backyard,food_crops,sorghum,0,0,0,0,3.2,0,0,0,1.5,4
Chicken,Eggs,1783,Backyard,food_crops,soybean_oil,0,0.144,0.108,0.18,0,0.09,0,0.09,0.306,0
Chicken,Eggs,1783,Backyard,agroind,soybean_meal,0,11,6.6,13,0,7.8,3.5,9.3,21,5.6
Chicken,Eggs,1783,Backyard,food_crops,wheat,0,23.4,15.2,12.5,20.2,2.8,0,8.8,1.3,0.9
Chicken,Eggs,1783,Backyard,swill,swill,0,20,20,20,38.9,40,40,40,38.4,40
Chicken,Eggs,1783,Layers,food_crops,barley,0,30.2,0,19.1,0,0,0,0,0,0
Chicken,Eggs,1783,Layers,agroind,"complements(aminoacids,minerals)",1,1,1,1,1,1,1,1,1,1
Chicken,Eggs,1783,Layers,agroind,dry_pb_grain_ind,0,0,0.6,0,0.7,5.5,0.5,5.7,0,0
Chicken,Eggs,1783,Layers,fishmeal,fishmeal,0.058,0.058,0.058,0.058,0.058,0.058,0.058,0.058,0.058,0.058
Chicken,Eggs,1783,Layers,agroind,limestone,7.9,7,7.9,7,7,7.9,7,6.6,7,7
Chicken,Eggs,1783,Layers,food_crops,maize,64.5,0,23.8,8.1,45.3,58.1,9.7,25,33.3,58.9
Chicken,Eggs,1783,Layers,agroind,oilseed_meal,0,8,0,5,2.6,3.6,8.6,8.8,4.4,9.1
Chicken,Eggs,1783,Layers,food_crops,rapeseed_oil,0,0,1.482,2.394,2.014,0.19,2.85,0,0,0
Chicken,Eggs,1783,Layers,agroind,rapeseed_meal,0,0,0,0,0,0,0,0,0,0
Chicken,Eggs,1783,Layers,food_crops,sorghum,0,0,0,0,0,0,23,0,30.9,0
Chicken,Eggs,1783,Layers,food_crops,soybean_oil,0.468,0,3.672,0.378,2.466,3.312,0.774,0,0.666,0.576
Chicken,Eggs,1783,Layers,agroind,soybean_meal,22,0,0.6,2.1,5.9,3.5,2.8,7.2,15,14
Chicken,Eggs,1783,Layers,food_crops,wheat,2,52,41.8,46.2,18.5,1.5,30.8,35.7,4.9,7.2
Chicken,Meat,1808,Backyard,food_crops,barley,0,6.2,2.9,5.8,6.9,0,0,0.5,0,0
Chicken,Meat,1808,Backyard,food_crops,cassava,0,0,0,0,0,1.5,33.2,0,1.9,11.2
Chicken,Meat,1808,Backyard,agroind,cottonseed_meal,0,0,5.8,0,3.5,1.5,0,5,1,2.5
Chicken,Meat,1808,Backyard,agroind,dry_pb_grain_ind,0,16.2,20.4,13.9,19,15.8,7.2,15,11.2,12.3
Chicken,Meat,1808,Backyard,food_crops,maize,0,2.1,21.8,9.3,3.6,7.2,10,1.9,11.1,10.8
Chicken,Meat,1808,Backyard,food_crops,millet,0,0,0,0,0,0,0,0.6,0,3.2
Chicken,Meat,1808,Backyard,agroind,oilseed_meal,0,19.3,5.2,25,1.6,0.7,0,0.5,0.8,1.4
Chicken,Meat,1808,Backyard,food_crops,pulses,0,0.8,0.7,0,1.5,0.6,1.7,1,1.8,2.7
Chicken,Meat,1808,Backyard,food_crops,rice,0,0.5,0.8,0,1.6,21.6,0.4,16.9,8.4,5.4
Chicken,Meat,1808,Backyard,food_crops,sorghum,0,0,0,0,3.2,0,0,0,1.5,4
Chicken,Meat,1808,Backyard,food_crops,soybean_oil,0,0.144,0.108,0.18,0,0.09,0,0.09,0.306,0
Chicken,Meat,1808,Backyard,agroind,soybean_meal,0,11,6.6,13,0,7.8,3.5,9.3,21,5.6
Chicken,Meat,1808,Backyard,food_crops,wheat,0,23.4,15.2,12.5,20.2,2.8,0,8.8,1.3,0.9
Chicken,Meat,1808,Backyard,swill,swill,0,20,20,20,38.9,40,40,40,38.4,40
Chicken,Meat,1808,Broilers,food_crops,barley,0,0,0,0,3.6,3.2,7,5,0,0
Chicken,Meat,1808,Broilers,agroind,"complements(aminoacids,minerals)",1,1,1.5,1,1,1,1,1,1,1
Chicken,Meat,1808,Broilers,fishmeal,fishmeal,0.058,0.058,0.058,0.058,0.058,0.058,0.058,0.058,0.058,0.058
Chicken,Meat,1808,Broilers,agroind,limestone,1,1,1,1,1,1,2,1,1,1
Chicken,Meat,1808,Broilers,food_crops,maize,63,30,25.7,28,46.3,50.3,6,39,71,65
Chicken,Meat,1808,Broilers,agroind,oilseed_meal,5,5,2,6,1.4,1.3,2,2,0,0
Chicken,Meat,1808,Broilers,food_crops,rapeseed_oil,0,0,0.456,0,0,0,1.9,0,0,0
Chicken,Meat,1808,Broilers,agroind,rapeseed_meal,0,0,0,0,0,0,3,0,0,0
Chicken,Meat,1808,Broilers,food_crops,sorghum,0,0,5.3,0,6.1,5.8,21,9,0,0
Chicken,Meat,1808,Broilers,food_crops,soybean_oil,0.36,4.5,3.024,4.5,0,0,0.54,0,0,0
Chicken,Meat,1808,Broilers,agroind,soybean_meal,23,0,8.3,0,24,24.4,15,23,27,27
Chicken,Meat,1808,Broilers,food_crops,wheat,0,38,38.2,39,15.2,11.7,33,18,0,6
Chicken,Meat,1808,Layers,food_crops,barley,0,30.2,0,19.1,0,0,0,0,0,0
Chicken,Meat,1808,Layers,agroind,"complements(aminoacids,minerals)",1,1,1,1,1,1,1,1,1,1
Chicken,Meat,1808,Layers,agroind,dry_pb_grain_ind,0,0,0.6,0,0.7,5.5,0.5,5.7,0,0
Chicken,Meat,1808,Layers,fishmeal,fishmeal,0.058,0.058,0.058,0.058,0.058,0.058,0.058,0.058,0.058,0.058
Chicken,Meat,1808,Layers,agroind,limestone,7.9,7,7.9,7,7,7.9,7,6.6,7,7
Chicken,Meat,1808,Layers,food_crops,maize,64.5,0,23.8,8.1,45.3,58.1,9.7,25,33.3,58.9
Chicken,Meat,1808,Layers,agroind,oilseed_meal,0,8,0,5,2.6,3.6,8.6,8.8,4.4,9.1
Chicken,Meat,1808,Layers,food_crops,rapeseed_oil,0,0,1.482,2.394,2.014,0.19,2.85,0,0,0
Chicken,Meat,1808,Layers,agroind,rapeseed_meal,0,0,0,0,0,0,4,0,0,0
Chicken,Meat,1808,Layers,food_crops,sorghum,0,0,0,0,0,0,23,0,30.9,0
Chicken,Meat,1808,Layers,food_crops,soybean_oil,0.468,0,3.672,0.378,2.466,3.312,0.774,0,0.666,0.576
Chicken,Meat,1808,Layers,agroind,soybean_meal,22,0,0.6,2.1,5.9,3.5,2.8,7.2,15,14
Chicken,Meat,1808,Layers,food_crops,wheat,2,52,41.8,46.2,18.5,1.5,30.8,35.7,4.9,7.2
Cattle,Meat,867,Feedlot,agroind,bran,0,0,0,0,0,3,0,0,2.5,0
Cattle,Meat,867,Feedlot,crop_residues,crop_residues,0,0,0,0,0,15.3,0,0,0,12
Cattle,Meat,867,Feedlot,roughages,fresh_grass,0,0,0,0,0,0.5,0,0,0.5,0
Cattle,Meat,867,Feedlot,agroind,maize,54.6,0,54.6,0,0,21,59.1,0,46,38.2
Cattle,Meat,867,Feedlot,agroind,wheat,10.9,0,10.9,0,0,4.2,11.8,0,9.2,7.6
Cattle,Meat,867,Feedlot,agroind,barley,7.5,0,7.5,0,0,2.9,8.1,0,6.3,5.2
Cattle,Meat,867,Feedlot,roughages,hay,1,0,0,0,0,0,0,0,2.5,12
Cattle,Meat,867,Feedlot,roughages,legumes_and_silage,24.5,0,5,0,0,25.5,12.5,0,16.5,0
Cattle,Meat,867,Feedlot,agroind,molasses,0,0,0,0,0,0.5,5,0,2.5,10
Cattle,Meat,867,Feedlot,agroind,soybean_meal,0,0,0,0,0,0,0,0,0,0
Cattle,Meat,867,Feedlot,agroind,rapeseed_meal,0,0,0,0,0,0,0,0,0,0
Cattle,Meat,867,Feedlot,agroind,cottonseed_meal,0.381516407,0,3.815164066,0,0,1.169983647,0.890204949,0,2.543442711,3.815164066
Cattle,Meat,867,Feedlot,agroind,sunflowerseed_meal,0.113421008,0,1.134210084,0,0,0.347824426,0.26464902,0,0.756140056,1.134210084
Cattle,Meat,867,Feedlot,agroind,pulp,0,0,0,0,0,0,0,0,0,0
Cattle,Meat,867,Feedlot,agroind,distillers_grains,0,0,0,0,0,22.6,0,0,4,0
Cattle,Meat,867,Grazing,roughages,fresh_grass,100,100,100,100,100,100,100,100,100,100
Cattle,Meat,867,Mixed,agroind,bran,0.6,0,2.5,4.6,1,3.3,3.8,2.9,2.9,1.5
Cattle,Meat,867,Mixed,crop_residues,crop_residues,0,0,3.8,2.1,25.7,28.6,0,44.9,7.6,5.3
Cattle,Meat,867,Mixed,roughages,fodder_beet,0,0,1.2,3.1,4.3,0,0,0,0.6,0
Cattle,Meat,867,Mixed,roughages,fresh_grass,32.5,0,42.2,28.2,17.1,15.4,69,3.7,50.4,35.6
Cattle,Meat,867,Mixed,agroind,maize,16.5,0,5.8,5.2,0.5,2.2,6.7,0,3,1.3
Cattle,Meat,867,Mixed,agroind,wheat,3.3,0,1.1,1,0.1,0.4,1.3,0,0.6,0.3
Cattle,Meat,867,Mixed,agroind,barley,2.3,0,0.8,0.7,0.1,0.3,0.9,0,0.4,0.2
Cattle,Meat,867,Mixed,roughages,hay,33.5,0,14.5,21.6,30.4,24,6.8,26.1,12.4,45
Cattle,Meat,867,Mixed,crop_residues,leaves,0,0,0,0,7,4.9,0,13.6,8.1,5.2
Cattle,Meat,867,Mixed,roughages,legumes_and_silage,10.5,0,21.7,28.7,12.2,16.6,11.4,5,8.7,5.6
Cattle,Meat,867,Mixed,agroind,molasses,0,0,0.7,0,0,0,0,0.5,1.1,0
Cattle,Meat,867,Mixed,agroind,soybean_meal,0,0,0,0,0,0,0,0,0,0
Cattle,Meat,867,Mixed,agroind,rapeseed_meal,0,0,0,0,0,0,0,0,0,0
Cattle,Meat,867,Mixed,agroind,cottonseed_meal,0.2,0,1,0.7,0.1,0.4,0,0.3,0.3,0
Cattle,Meat,867,Mixed,agroind,sunflowerseed_meal,0,0,0.2,0.1,0,0.1,0,0,0,0
Cattle,Meat,867,Mixed,agroind,pulp,0,0,1.6,2.1,0,0,0,0,0,0
Cattle,Meat,867,Mixed,crop_residues,sugarcane_tops,0,0,0,0,1.1,1.3,0,2.3,3,0
Cattle,Meat,867,Mixed,agroind,distillers_grains,0,0,0,0,0,1.5,0,0,0,0
Cattle,Dairy,882,Grazing,roughages,fresh_grass,100,100,100,100,100,100,100,100,100,100
Cattle,Dairy,882,Mixed,agroind,bran,4.3,4.7,4.1,4.9,2.6,6.6,2.5,5.7,4.3,4.3
Cattle,Dairy,882,Mixed,crop_residues,crop_residues,0,1.8,2.5,1.8,19.4,24.6,0,40.3,7.2,6
Cattle,Dairy,882,Mixed,roughages,fodder_beet,0,2.6,1.2,2.7,1.1,0.5,0,0,0,0
Cattle,Dairy,882,Mixed,roughages,fresh_grass,13.3,22.3,25.9,22.4,16.8,17.1,60.9,4.6,30.9,29.1
Cattle,Dairy,882,Mixed,agroind,maize,17.4,7.8,9.3,7.3,0.7,3.7,11.6,1.9,2.9,1.1
Cattle,Dairy,882,Mixed,agroind,wheat,3.5,1.5,1.8,1.5,0.1,0.7,2.3,0.4,0.6,0.2
Cattle,Dairy,882,Mixed,agroind,barley,2.4,1.1,1.3,1,0.1,0.5,1.6,0.3,0.4,0.2
Cattle,Dairy,882,Mixed,roughages,hay,15.5,22.3,20.1,22.6,43,21.1,5.1,23.4,30.3,45.1
Cattle,Dairy,882,Mixed,crop_residues,leaves,0,0,0,0,7.1,4,0,12.8,8.2,6.6
Cattle,Dairy,882,Mixed,roughages,legumes_and_silage,33.7,30.2,25,30,7,15.5,11,4.9,7.7,6.3
Cattle,Dairy,882,Mixed,agroind,molasses,0,0,0,0,0.6,0.7,0,1.2,2.5,0.6
Cattle,Dairy,882,Mixed,agroind,soybean_meal,0,0,0,0,0,0,0,0,0,0
Cattle,Dairy,882,Mixed,agroind,rapeseed_meal,0,0,0,0,0,0,0,0,0,0
Cattle,Dairy,882,Mixed,agroind,cottonseed_meal,1.5,1,1.9,1,0.3,0.7,1.3,0.5,0.5,0.1
Cattle,Dairy,882,Mixed,agroind,sunflowerseed_meal,0.4,0.3,0.6,0.3,0.1,0.2,0.4,0.2,0.2,0
Cattle,Dairy,882,Mixed,agroind,pulp,0,1.8,1.3,1.8,0,0,0,0,0,0
Cattle,Dairy,882,Mixed,crop_residues,sugarcane_tops,0,0,0,0,0.5,1.1,0,2.6,3,0
Cattle,Dairy,882,Mixed,agroind,distillers_grains,4.1,0,0,0,0,1,0,0,0,0
Cattle,Meat,867,Feedlot,agroind,oilseed_meal,1.5,0,15,0,0,4.6,3.5,0,10,15
Cattle,Meat,867,Mixed,agroind,oilseed_meal,0.9,0,4.1,2.7,0.5,1.5,0,1,1.2,0
Cattle,Dairy,882,Mixed,agroind,oilseed_meal,5.9,3.9,7.5,4,1,2.8,5,2,2,0.5
