RegionName,Animal category,Item Code,Production system,mean_fcr_mekon,mean_fcr_mottet,mean_fcr_herrero,fcr_min,fcr_max,fcr_sd,fcr_truncated_median,fcr_mean
Caribbean,Beef cattle,867,Feedlot,21,15.8,NA,15.8,21,3.676955262,18.8869322,18.40
Caribbean,Beef cattle,867,Grazing,76,31.2,63.8,31.2,76,23.16117441,62.46377292,57.00
Caribbean,Beef cattle,867,Mixed,63,27.4,54.5,27.4,63,18.59220267,50.69555455,48.30
Central America,Beef cattle,867,Feedlot,21,15.1,NA,15.1,21,4.171930009,18.65800165,18.05
Central America,Beef cattle,867,Grazing,76,28.6,63.8,28.6,76,24.61246297,60.4150936,56.13
Central America,Beef cattle,867,Mixed,63,25,54.5,25,63,19.94367068,50.83522966,47.50
Central Asia,Beef cattle,867,Feedlot,9,15.8,NA,9,15.8,4.808326112,11.54057664,12.40
Central Asia,Beef cattle,867,Grazing,48,31.2,38.2,31.2,48,8.438799283,42.43136634,39.13
Central Asia,Beef cattle,867,Mixed,31,27.4,16.6,16.6,31,7.493997598,26.31658228,25.00
Eastern Africa,Beef cattle,867,Feedlot,14,15.8,NA,14,15.8,1.272792206,14.67721747,14.90
Eastern Africa,Beef cattle,867,Grazing,110,31.2,167.8,31.2,167.8,68.56850589,103.311258,103.00
Eastern Africa,Beef cattle,867,Mixed,56,27.4,141.6,27.4,141.6,59.42356435,73.50212506,75.00
Eastern Asia,Beef cattle,867,Feedlot,35,14.4,NA,14.4,35,14.56639969,26.53117785,24.70
Eastern Asia,Beef cattle,867,Grazing,90,26.1,50.5,26.1,90,32.24598166,69.259814,55.53
Eastern Asia,Beef cattle,867,Mixed,61,22.6,102.3,22.6,102.3,39.85879242,61.72415043,61.97
Eastern Europe,Beef cattle,867,Feedlot,9,13.5,NA,9,13.5,3.181980515,10.78522825,11.25
Eastern Europe,Beef cattle,867,Grazing,48,23,38.2,23,48,12.596825,40.33273565,36.40
Eastern Europe,Beef cattle,867,Mixed,31,19.8,16.6,16.6,31,7.561305002,26.10593231,22.47
Middle Africa,Beef cattle,867,Feedlot,14,15.8,NA,14,15.8,1.272792206,14.69937518,14.90
Middle Africa,Beef cattle,867,Grazing,110,31.2,167.8,31.2,167.8,68.56850589,102.0723357,103.00
Middle Africa,Beef cattle,867,Mixed,56,27.4,141.6,27.4,141.6,59.42356435,69.73750583,75.00
Northern Africa,Beef cattle,867,Feedlot,13,15.8,NA,13,15.8,1.979898987,14.10391312,14.40
Northern Africa,Beef cattle,867,Grazing,97,31.2,44.2,31.2,97,34.84843373,75.75362345,57.47
Northern Africa,Beef cattle,867,Mixed,41,27.4,24.9,24.9,41,8.664294547,35.52313867,31.10
Northern America,Beef cattle,867,Feedlot,4,13.5,NA,4,13.5,6.717514421,7.756081367,8.75
Northern America,Beef cattle,867,Grazing,40,23,43.5,23,43.5,10.9658561,35.60853877,35.50
Northern America,Beef cattle,867,Mixed,24,19.8,16,16,24,4.00166632,21.60057554,19.93
Northern Europe,Beef cattle,867,Feedlot,16,10.5,NA,10.5,16,3.889087297,13.77711995,13.25
Northern Europe,Beef cattle,867,Grazing,59,12.6,38.2,12.6,59,23.24134247,42.94175403,36.60
Northern Europe,Beef cattle,867,Mixed,53,10.2,16.6,10.2,53,23.08592645,38.7122538,26.60
Oceania,Beef cattle,867,Feedlot,11,15.1,NA,11,15.1,2.899137803,12.71391525,13.05
Oceania,Beef cattle,867,Grazing,46,28.8,43.9,28.8,46,9.38314091,40.16335879,39.57
Oceania,Beef cattle,867,Mixed,36,25.1,44.9,25.1,44.9,9.916820727,35.43317453,35.33
South-Eastern Asia,Beef cattle,867,Feedlot,25,15.8,NA,15.8,25,6.505382387,21.39999637,20.40
South-Eastern Asia,Beef cattle,867,Grazing,163,31.2,73.3,31.2,163,67.31733308,120.6086876,89.17
South-Eastern Asia,Beef cattle,867,Mixed,90,27.4,71.1,27.4,90,32.1083063,70.06789989,62.83
South America,Beef cattle,867,Feedlot,21,14.9,NA,14.9,21,4.313351365,18.69216594,17.95
South America,Beef cattle,867,Grazing,76,28,63.8,28,76,24.94821303,60.05617957,55.93
South America,Beef cattle,867,Mixed,63,24.5,54.5,24.5,63,20.2258086,50.15571793,47.33
Southern Africa,Beef cattle,867,Feedlot,14,15.8,NA,14,15.8,1.272792206,14.78087734,14.90
Southern Africa,Beef cattle,867,Grazing,110,31.2,167.8,31.2,167.8,68.56850589,103.515316,103.00
Southern Africa,Beef cattle,867,Mixed,56,27.4,141.6,27.4,141.6,59.42356435,77.22794877,75.00
Southern Asia,Beef cattle,867,Feedlot,33,15.8,NA,15.8,33,12.16223664,26.26185151,24.40
Southern Asia,Beef cattle,867,Grazing,280,31.2,114.3,31.2,280,126.6646096,202.7267781,141.83
Southern Asia,Beef cattle,867,Mixed,121,27.4,177.4,27.4,177.4,75.76489952,110.3089371,108.60
Southern Europe,Beef cattle,867,Feedlot,16,13.6,NA,13.6,16,1.697056275,15.06935765,14.80
Southern Europe,Beef cattle,867,Grazing,59,23.3,38.2,23.3,59,17.93107173,48.26301611,40.17
Southern Europe,Beef cattle,867,Mixed,53,20.1,16.6,16.6,53,20.0815836,41.28074161,29.90
Western Africa,Beef cattle,867,Feedlot,14,15.8,NA,14,15.8,1.272792206,14.68858044,14.90
Western Africa,Beef cattle,867,Grazing,110,31.2,167.8,31.2,167.8,68.56850589,103.9230186,103.00
Western Africa,Beef cattle,867,Mixed,56,27.4,141.6,27.4,141.6,59.42356435,73.74871507,75.00
Western Asia,Beef cattle,867,Feedlot,13,15.3,NA,13,15.3,1.626345597,13.89093623,14.15
Western Asia,Beef cattle,867,Grazing,97,29.9,45.1,29.9,97,35.18299779,73.9464291,57.33
Western Asia,Beef cattle,867,Mixed,41,26.2,26.4,26.2,41,8.48763807,35.73533658,31.20
Western Europe,Beef cattle,867,Feedlot,16,9.9,NA,9.9,16,4.313351365,13.47517125,12.95
Western Europe,Beef cattle,867,Grazing,59,10.7,38.2,10.7,59,24.22732617,43.43147347,35.97
Western Europe,Beef cattle,867,Mixed,53,8.5,16.6,8.5,53,23.70239088,37.95864475,26.03
Caribbean,Broiler chickens,1808,Backyard,9.7,9.6,NA,9.6,9.7,0.070710678,9.66259901,9.65
Caribbean,Broiler chickens,1808,Broilers,2.4,3.2,NA,2.4,3.2,0.565685425,2.688340488,2.80
Caribbean,Broiler chickens,1808,Layers,4.5,2.5,NA,2.5,4.5,1.414213562,3.735163342,3.50
Central America,Broiler chickens,1808,Backyard,9.7,9.3,NA,9.3,9.7,0.282842712,9.552905117,9.50
Central America,Broiler chickens,1808,Broilers,2.4,3.2,NA,2.4,3.2,0.565685425,2.721252072,2.80
Central America,Broiler chickens,1808,Layers,4.5,2.4,NA,2.4,4.5,1.48492424,3.629486625,3.45
Central Asia,Broiler chickens,1808,Backyard,8,9.6,NA,8,9.6,1.13137085,8.635791835,8.80
Central Asia,Broiler chickens,1808,Broilers,2.3,3.2,NA,2.3,3.2,0.636396103,2.66407433,2.75
Central Asia,Broiler chickens,1808,Layers,3.6,2.5,NA,2.5,3.6,0.777817459,3.161758951,3.05
Eastern Africa,Broiler chickens,1808,Backyard,7.9,9.6,NA,7.9,9.6,1.202081528,8.591331284,8.75
Eastern Africa,Broiler chickens,1808,Broilers,2.2,3.2,NA,2.2,3.2,0.707106781,2.587332741,2.70
Eastern Africa,Broiler chickens,1808,Layers,4.4,2.5,NA,2.5,4.4,1.343502884,3.637598698,3.45
Eastern Asia,Broiler chickens,1808,Backyard,9.8,9,NA,9,9.8,0.565685425,9.480037762,9.40
Eastern Asia,Broiler chickens,1808,Broilers,2.4,3.2,NA,2.4,3.2,0.565685425,2.724447097,2.80
Eastern Asia,Broiler chickens,1808,Layers,4.7,2.4,NA,2.4,4.7,1.626345597,3.76359868,3.55
Eastern Europe,Broiler chickens,1808,Backyard,8,8.7,NA,8,8.7,0.494974747,8.296871351,8.35
Eastern Europe,Broiler chickens,1808,Broilers,2.3,3.2,NA,2.3,3.2,0.636396103,2.662136154,2.75
Eastern Europe,Broiler chickens,1808,Layers,3.6,2.4,NA,2.4,3.6,0.848528137,3.149377904,3.00
Middle Africa,Broiler chickens,1808,Backyard,7.9,9.6,NA,7.9,9.6,1.202081528,8.552029533,8.75
Middle Africa,Broiler chickens,1808,Broilers,2.2,3.2,NA,2.2,3.2,0.707106781,2.588209012,2.70
Middle Africa,Broiler chickens,1808,Layers,4.4,2.5,NA,2.5,4.4,1.343502884,3.642751021,3.45
Northern Africa,Broiler chickens,1808,Backyard,8.9,9.6,NA,8.9,9.6,0.494974747,9.165747703,9.25
Northern Africa,Broiler chickens,1808,Broilers,2,3.2,NA,2,3.2,0.848528137,2.442191863,2.60
Northern Africa,Broiler chickens,1808,Layers,4,2.5,NA,2.5,4,1.060660172,3.422030075,3.25
Northern America,Broiler chickens,1808,Backyard,13.3,8.7,NA,8.7,13.3,3.252691193,11.34490918,11.00
Northern America,Broiler chickens,1808,Broilers,3,3.2,NA,3,3.2,0.141421356,3.077583268,3.10
Northern America,Broiler chickens,1808,Layers,5.9,2.4,NA,2.4,5.9,2.474873734,4.555683928,4.15
Northern Europe,Broiler chickens,1808,Backyard,14.3,7.5,NA,7.5,14.3,4.808326112,11.72467646,10.90
Northern Europe,Broiler chickens,1808,Broilers,3.3,3.2,NA,3.2,3.3,0.070710678,3.261533992,3.25
Northern Europe,Broiler chickens,1808,Layers,6.4,2.2,NA,2.2,6.4,2.969848481,4.742427741,4.30
Oceania,Broiler chickens,1808,Backyard,13.3,9.3,NA,9.3,13.3,2.828427125,11.75017022,11.30
Oceania,Broiler chickens,1808,Broilers,3.1,3.2,NA,3.1,3.2,0.070710678,3.139928358,3.15
Oceania,Broiler chickens,1808,Layers,6,2.4,NA,2.4,6,2.545584412,4.514707125,4.20
South-Eastern Asia,Broiler chickens,1808,Backyard,8.6,9.6,NA,8.6,9.6,0.707106781,9.00662801,9.10
South-Eastern Asia,Broiler chickens,1808,Broilers,2.5,3.2,NA,2.5,3.2,0.494974747,2.777617698,2.85
South-Eastern Asia,Broiler chickens,1808,Layers,5.3,2.5,NA,2.5,5.3,1.979898987,4.269729167,3.90
South America,Broiler chickens,1808,Backyard,9.7,9.2,NA,9.2,9.7,0.353553391,9.510271026,9.45
South America,Broiler chickens,1808,Broilers,2.4,3.2,NA,2.4,3.2,0.565685425,2.714216024,2.80
South America,Broiler chickens,1808,Layers,4.5,2.4,NA,2.4,4.5,1.48492424,3.622388361,3.45
Southern Africa,Broiler chickens,1808,Backyard,7.9,9.6,NA,7.9,9.6,1.202081528,8.558123714,8.75
Southern Africa,Broiler chickens,1808,Broilers,2.2,3.2,NA,2.2,3.2,0.707106781,2.609210348,2.70
Southern Africa,Broiler chickens,1808,Layers,4.4,2.5,NA,2.5,4.4,1.343502884,3.620777564,3.45
Southern Asia,Broiler chickens,1808,Backyard,14,9.6,NA,9.6,14,3.111269837,12.35500842,11.80
Southern Asia,Broiler chickens,1808,Broilers,2.8,3.2,NA,2.8,3.2,0.282842712,2.959686075,3.00
Southern Asia,Broiler chickens,1808,Layers,6.4,2.5,NA,2.5,6.4,2.757716447,4.771949737,4.45
Southern Europe,Broiler chickens,1808,Backyard,14.3,8.7,NA,8.7,14.3,3.959797975,12.13820989,11.50
Southern Europe,Broiler chickens,1808,Broilers,3.3,3.2,NA,3.2,3.3,0.070710678,3.260511381,3.25
Southern Europe,Broiler chickens,1808,Layers,6.4,2.4,NA,2.4,6.4,2.828427125,4.999905864,4.40
Western Africa,Broiler chickens,1808,Backyard,7.9,9.6,NA,7.9,9.6,1.202081528,8.557649582,8.75
Western Africa,Broiler chickens,1808,Broilers,2.2,3.2,NA,2.2,3.2,0.707106781,2.600067839,2.70
Western Africa,Broiler chickens,1808,Layers,4.4,2.5,NA,2.5,4.4,1.343502884,3.671482315,3.45
Western Asia,Broiler chickens,1808,Backyard,8.9,9.4,NA,8.9,9.4,0.353553391,9.097614522,9.15
Western Asia,Broiler chickens,1808,Broilers,2,3.2,NA,2,3.2,0.848528137,2.4727159,2.60
Western Asia,Broiler chickens,1808,Layers,4,2.4,NA,2.4,4,1.13137085,3.363762925,3.20
Western Europe,Broiler chickens,1808,Backyard,14.3,7.3,NA,7.3,14.3,4.949747468,11.63314737,10.80
Western Europe,Broiler chickens,1808,Broilers,3.3,3.2,NA,3.2,3.3,0.070710678,3.261359277,3.25
Western Europe,Broiler chickens,1808,Layers,6.4,2.2,NA,2.2,6.4,2.969848481,4.737085577,4.30
Caribbean,Dairy cattle,882,Grazing,3.8,6.4,5.2,3.8,6.4,1.30128142,4.664647563,5.13
Caribbean,Dairy cattle,882,Industrial,0,3.3,NA,0,3.3,2.333452378,1.316579625,1.65
Caribbean,Dairy cattle,882,Mixed,2.6,5.6,1.5,1.5,5.6,2.122105872,3.191839454,3.23
Central America,Dairy cattle,882,Grazing,3.8,5.9,5.2,3.8,5.9,1.069267662,4.469234207,4.97
Central America,Dairy cattle,882,Industrial,0,3.1,NA,0,3.1,2.192031022,1.206922448,1.55
Central America,Dairy cattle,882,Mixed,2.6,5.2,1.5,1.5,5.2,1.9,3.205735928,3.10
Central Asia,Dairy cattle,882,Grazing,2.6,6.4,3,2.6,6.4,2.088061302,3.886681017,4.00
Central Asia,Dairy cattle,882,Industrial,1.3,3.3,NA,1.3,3.3,1.414213562,2.08063059,2.30
Central Asia,Dairy cattle,882,Mixed,2,5.6,1.1,1.1,5.6,2.38117618,2.905171201,2.90
Eastern Africa,Dairy cattle,882,Grazing,4.1,6.4,6.8,4.1,6.8,1.4571662,4.999578076,5.77
Eastern Africa,Dairy cattle,882,Industrial,0,3.3,NA,0,3.3,2.333452378,1.222063542,1.65
Eastern Africa,Dairy cattle,882,Mixed,3.2,5.6,6.4,3.2,6.4,1.6653328,4.143598427,5.07
Eastern Asia,Dairy cattle,882,Grazing,4.8,5.4,5.1,4.8,5.4,0.3,4.987567165,5.10
Eastern Asia,Dairy cattle,882,Industrial,0.9,3,NA,0.9,3,1.48492424,1.76711358,1.95
Eastern Asia,Dairy cattle,882,Mixed,1.8,4.7,3.8,1.8,4.7,1.484362939,2.681135635,3.43
Eastern Europe,Dairy cattle,882,Grazing,2.6,4.7,3,2.6,4.7,1.115048579,3.284853018,3.43
Eastern Europe,Dairy cattle,882,Industrial,1.3,2.8,NA,1.3,2.8,1.060660172,1.867717333,2.05
Eastern Europe,Dairy cattle,882,Mixed,2,4.1,1.1,1.1,4.1,1.539480432,2.35858562,2.40
Middle Africa,Dairy cattle,882,Grazing,4.1,6.4,6.8,4.1,6.8,1.4571662,5.033085538,5.77
Middle Africa,Dairy cattle,882,Industrial,0,3.3,NA,0,3.3,2.333452378,1.29021999,1.65
Middle Africa,Dairy cattle,882,Mixed,3.2,5.6,6.4,3.2,6.4,1.6653328,4.206573387,5.07
Northern Africa,Dairy cattle,882,Grazing,3.3,6.4,4.4,3.3,6.4,1.571623365,4.261377694,4.70
Northern Africa,Dairy cattle,882,Industrial,0,3.3,NA,0,3.3,2.333452378,1.335772151,1.65
Northern Africa,Dairy cattle,882,Mixed,1.9,5.6,2.1,1.9,5.6,2.080865205,3.24027306,3.20
Northern America,Dairy cattle,882,Grazing,2.3,4.7,NA,2.3,4.7,1.697056275,3.269517227,3.50
Northern America,Dairy cattle,882,Industrial,0.5,2.8,NA,0.5,2.8,1.626345597,1.411992906,1.65
Northern America,Dairy cattle,882,Mixed,1,4.1,0.7,0.7,4.1,1.882374387,2.014025889,1.93
Northern Europe,Dairy cattle,882,Grazing,3.3,2.6,3,2.6,3.3,0.351188458,3.086596023,2.97
Northern Europe,Dairy cattle,882,Industrial,0.6,2.2,NA,0.6,2.2,1.13137085,1.260734859,1.40
Northern Europe,Dairy cattle,882,Mixed,1.2,2.1,1.1,1.1,2.1,0.550757055,1.476303482,1.47
Oceania,Dairy cattle,882,Grazing,1.8,5.9,1.1,1.1,5.9,2.59293913,2.87691434,2.93
Oceania,Dairy cattle,882,Industrial,0.7,3.1,NA,0.7,3.1,1.697056275,1.6494086,1.90
Oceania,Dairy cattle,882,Mixed,1.3,5.2,1,1,5.2,2.343074903,2.561759206,2.50
South-Eastern Asia,Dairy cattle,882,Grazing,7.4,6.4,4.3,4.3,7.4,1.582192572,6.390614647,6.03
South-Eastern Asia,Dairy cattle,882,Industrial,0,3.3,NA,0,3.3,2.333452378,1.330364375,1.65
South-Eastern Asia,Dairy cattle,882,Mixed,3.5,5.6,2.9,2.9,5.6,1.417744688,3.996490119,4.00
South America,Dairy cattle,882,Grazing,3.8,5.8,5.2,3.8,5.8,1.026320288,4.474133691,4.93
South America,Dairy cattle,882,Industrial,0,3.1,NA,0,3.1,2.192031022,1.180765679,1.55
South America,Dairy cattle,882,Mixed,2.6,5,1.5,1.5,5,1.789785834,2.935157611,3.03
Southern Africa,Dairy cattle,882,Grazing,4.1,6.4,6.8,4.1,6.8,1.4571662,4.986891896,5.77
Southern Africa,Dairy cattle,882,Industrial,0,3.3,NA,0,3.3,2.333452378,1.218858617,1.65
Southern Africa,Dairy cattle,882,Mixed,3.2,5.6,6.4,3.2,6.4,1.6653328,4.327501419,5.07
Southern Asia,Dairy cattle,882,Grazing,6.5,6.4,4.7,4.7,6.5,1.011599394,5.872450247,5.87
Southern Asia,Dairy cattle,882,Industrial,0,3.3,NA,0,3.3,2.333452378,1.295485011,1.65
Southern Asia,Dairy cattle,882,Mixed,1.9,5.6,1.8,1.8,5.6,2.165640783,3.170635844,3.10
Southern Europe,Dairy cattle,882,Grazing,3.3,4.8,3,3,4.8,0.964365076,3.741555925,3.70
Southern Europe,Dairy cattle,882,Industrial,0.6,2.8,NA,0.6,2.8,1.555634919,1.452667535,1.70
Southern Europe,Dairy cattle,882,Mixed,1.2,4.1,1.1,1.1,4.1,1.703917056,2.13862226,2.13
Western Africa,Dairy cattle,882,Grazing,4.1,6.4,6.8,4.1,6.8,1.4571662,5.001899679,5.77
Western Africa,Dairy cattle,882,Industrial,0,3.3,NA,0,3.3,2.333452378,1.204275254,1.65
Western Africa,Dairy cattle,882,Mixed,3.2,5.6,6.4,3.2,6.4,1.6653328,4.202539393,5.07
Western Asia,Dairy cattle,882,Grazing,3.3,6.2,4.4,3.3,6.2,1.46401275,4.202282077,4.63
Western Asia,Dairy cattle,882,Industrial,0,3.2,NA,0,3.2,2.2627417,1.321781445,1.60
Western Asia,Dairy cattle,882,Mixed,1.9,5.4,2.1,1.9,5.4,1.965536398,3.127039002,3.13
Western Europe,Dairy cattle,882,Grazing,3.3,2.2,3,2.2,3.3,0.56862407,2.951391012,2.83
Western Europe,Dairy cattle,882,Industrial,0.6,2,NA,0.6,2,0.989949494,1.160276722,1.30
Western Europe,Dairy cattle,882,Mixed,1.2,1.7,1.1,1.1,1.7,0.321455025,1.344250598,1.33
Caribbean,Layer chickens,1783,Backyard,10.2,8.3,NA,8.3,10.2,1.343502884,9.445613772,9.25
Caribbean,Layer chickens,1783,Layers,2.4,2.1,NA,2.1,2.4,0.212132034,2.284552815,2.25
Caribbean,Layer chickens,1783,Mixed,4.5,2.1,NA,2.1,4.5,1.697056275,3.53013384,3.30
Central America,Layer chickens,1783,Backyard,10.2,8.1,NA,8.1,10.2,1.48492424,9.363282771,9.15
Central America,Layer chickens,1783,Layers,2.4,2.1,NA,2.1,2.4,0.212132034,2.284528565,2.25
Central America,Layer chickens,1783,Mixed,4.5,2.1,NA,2.1,4.5,1.697056275,3.552108861,3.30
Central Asia,Layer chickens,1783,Backyard,11.3,8.3,NA,8.3,11.3,2.121320344,10.13880864,9.80
Central Asia,Layer chickens,1783,Layers,2.7,2.1,NA,2.1,2.7,0.424264069,2.458701929,2.40
Central Asia,Layer chickens,1783,Mixed,5.1,2.1,NA,2.1,5.1,2.121320344,3.909467481,3.60
Eastern Africa,Layer chickens,1783,Backyard,8.3,8.3,NA,8.3,8.3,0,NA,8.30
Eastern Africa,Layer chickens,1783,Layers,1.8,2.1,NA,1.8,2.1,0.212132034,1.923099478,1.95
Eastern Africa,Layer chickens,1783,Mixed,3.9,2.1,NA,2.1,3.9,1.272792206,3.182903965,3.00
Eastern Asia,Layer chickens,1783,Backyard,8,7.8,NA,7.8,8,0.141421356,7.921815096,7.90
Eastern Asia,Layer chickens,1783,Layers,2.3,2.1,NA,2.1,2.3,0.141421356,2.22232825,2.20
Eastern Asia,Layer chickens,1783,Mixed,4.3,2.1,NA,2.1,4.3,1.555634919,3.465852708,3.20
Eastern Europe,Layer chickens,1783,Backyard,11.3,7.5,NA,7.5,11.3,2.687005769,9.875761061,9.40
Eastern Europe,Layer chickens,1783,Layers,2.7,2.1,NA,2.1,2.7,0.424264069,2.474978398,2.40
Eastern Europe,Layer chickens,1783,Mixed,5.1,2.1,NA,2.1,5.1,2.121320344,3.870167934,3.60
Middle Africa,Layer chickens,1783,Backyard,8.3,8.3,NA,8.3,8.3,0,NA,8.30
Middle Africa,Layer chickens,1783,Layers,1.8,2.1,NA,1.8,2.1,0.212132034,1.918505863,1.95
Middle Africa,Layer chickens,1783,Mixed,3.9,2.1,NA,2.1,3.9,1.272792206,3.175999037,3.00
Northern Africa,Layer chickens,1783,Backyard,9.7,8.3,NA,8.3,9.7,0.989949494,9.16155895,9.00
Northern Africa,Layer chickens,1783,Layers,2.3,2.1,NA,2.1,2.3,0.141421356,2.21612718,2.20
Northern Africa,Layer chickens,1783,Mixed,4.6,2.1,NA,2.1,4.6,1.767766953,3.603171828,3.35
Northern America,Layer chickens,1783,Backyard,8,7.5,NA,7.5,8,0.353553391,7.78865899,7.75
Northern America,Layer chickens,1783,Layers,2.1,2.1,NA,2.1,2.1,0,NA,2.10
Northern America,Layer chickens,1783,Mixed,3.8,2.1,NA,2.1,3.8,1.202081528,3.135880752,2.95
Northern Europe,Layer chickens,1783,Backyard,8,6.5,NA,6.5,8,1.060660172,7.418837568,7.25
Northern Europe,Layer chickens,1783,Layers,2.1,1.9,NA,1.9,2.1,0.141421356,2.020622153,2.00
Northern Europe,Layer chickens,1783,Mixed,3.9,1.9,NA,1.9,3.9,1.414213562,3.107517703,2.90
Oceania,Layer chickens,1783,Backyard,6.7,8.1,NA,6.7,8.1,0.989949494,7.251486558,7.40
Oceania,Layer chickens,1783,Layers,1.8,2.1,NA,1.8,2.1,0.212132034,1.91799122,1.95
Oceania,Layer chickens,1783,Mixed,3.2,2.1,NA,2.1,3.2,0.777817459,2.768016303,2.65
South-Eastern Asia,Layer chickens,1783,Backyard,9.5,8.3,NA,8.3,9.5,0.848528137,9.020941694,8.90
South-Eastern Asia,Layer chickens,1783,Layers,2.3,2.1,NA,2.1,2.3,0.141421356,2.217859187,2.20
South-Eastern Asia,Layer chickens,1783,Mixed,4.2,2.1,NA,2.1,4.2,1.48492424,3.377849107,3.15
South America,Layer chickens,1783,Backyard,10.2,8,NA,8,10.2,1.555634919,9.31967473,9.10
South America,Layer chickens,1783,Layers,2.4,2.1,NA,2.1,2.4,0.212132034,2.289766918,2.25
South America,Layer chickens,1783,Mixed,4.5,2.1,NA,2.1,4.5,1.697056275,3.546462717,3.30
Southern Africa,Layer chickens,1783,Backyard,8.3,8.3,NA,8.3,8.3,0,NA,8.30
Southern Africa,Layer chickens,1783,Layers,1.8,2.1,NA,1.8,2.1,0.212132034,1.921058903,1.95
Southern Africa,Layer chickens,1783,Mixed,3.9,2.1,NA,2.1,3.9,1.272792206,3.182769831,3.00
Southern Asia,Layer chickens,1783,Backyard,10.6,8.3,NA,8.3,10.6,1.626345597,9.696424926,9.45
Southern Asia,Layer chickens,1783,Layers,2.6,2.1,NA,2.1,2.6,0.353553391,2.402237071,2.35
Southern Asia,Layer chickens,1783,Mixed,4.7,2.1,NA,2.1,4.7,1.838477631,3.696209341,3.40
Southern Europe,Layer chickens,1783,Backyard,8,7.6,NA,7.6,8,0.282842712,7.84544212,7.80
Southern Europe,Layer chickens,1783,Layers,2.1,2.1,NA,2.1,2.1,0,NA,2.10
Southern Europe,Layer chickens,1783,Mixed,3.9,2.1,NA,2.1,3.9,1.272792206,3.196444589,3.00
Western Africa,Layer chickens,1783,Backyard,8.3,8.3,NA,8.3,8.3,0,NA,8.30
Western Africa,Layer chickens,1783,Layers,1.8,2.1,NA,1.8,2.1,0.212132034,1.918025562,1.95
Western Africa,Layer chickens,1783,Mixed,3.9,2.1,NA,2.1,3.9,1.272792206,3.21843345,3.00
Western Asia,Layer chickens,1783,Backyard,9.7,8.2,NA,8.2,9.7,1.060660172,9.078905737,8.95
Western Asia,Layer chickens,1783,Layers,2.3,2.1,NA,2.1,2.3,0.141421356,2.222312128,2.20
Western Asia,Layer chickens,1783,Mixed,4.6,2.1,NA,2.1,4.6,1.767766953,3.570879576,3.35
Western Europe,Layer chickens,1783,Backyard,8,6.3,NA,6.3,8,1.202081528,7.370724924,7.15
Western Europe,Layer chickens,1783,Layers,2.1,1.9,NA,1.9,2.1,0.141421356,2.020717148,2.00
Western Europe,Layer chickens,1783,Mixed,3.9,1.9,NA,1.9,3.9,1.414213562,3.128305685,2.90
Caribbean,Pigs,1035,Backyard,12.3,63.1,NA,12.3,63.1,35.92102448,32.55307477,37.70
Caribbean,Pigs,1035,Industrial,4,3,NA,3,4,0.707106781,3.613863203,3.50
Caribbean,Pigs,1035,Intermediate,6.1,3.9,NA,3.9,6.1,1.555634919,5.266245077,5.00
Central America,Pigs,1035,Backyard,12.3,56,NA,12.3,56,30.90056634,29.53620761,34.15
Central America,Pigs,1035,Industrial,4,3,NA,3,4,0.707106781,3.626899865,3.50
Central America,Pigs,1035,Intermediate,6.1,3.9,NA,3.9,6.1,1.555634919,5.259082675,5.00
Central Asia,Pigs,1035,Backyard,9.3,63.1,NA,9.3,63.1,38.04234483,30.27197397,36.20
Central Asia,Pigs,1035,Industrial,3.2,3,NA,3,3.2,0.141421356,3.120356798,3.10
Central Asia,Pigs,1035,Intermediate,4.7,3.9,NA,3.9,4.7,0.565685425,4.389660585,4.30
Eastern Africa,Pigs,1035,Backyard,8.4,63.1,NA,8.4,63.1,38.67874093,29.6349219,35.75
Eastern Africa,Pigs,1035,Industrial,4.1,3,NA,3,4.1,0.777817459,3.657176606,3.55
Eastern Africa,Pigs,1035,Intermediate,7.3,3.9,NA,3.9,7.3,2.404163056,5.957491592,5.60
Eastern Asia,Pigs,1035,Backyard,14.5,48.9,NA,14.5,48.9,24.32447327,28.00417545,31.70
Eastern Asia,Pigs,1035,Industrial,4.2,3,NA,3,4.2,0.848528137,3.730524227,3.60
Eastern Asia,Pigs,1035,Intermediate,6.9,3.9,NA,3.9,6.9,2.121320344,5.725921121,5.40
Eastern Europe,Pigs,1035,Backyard,9.3,40.4,NA,9.3,40.4,21.99102089,20.92945481,24.85
Eastern Europe,Pigs,1035,Industrial,3.2,3.1,NA,3.1,3.2,0.070710678,3.159752111,3.15
Eastern Europe,Pigs,1035,Intermediate,4.7,3.9,NA,3.9,4.7,0.565685425,4.384217074,4.30
Middle Africa,Pigs,1035,Backyard,8.4,63.1,NA,8.4,63.1,38.67874093,29.49647699,35.75
Middle Africa,Pigs,1035,Industrial,4.1,3,NA,3,4.1,0.777817459,3.684141905,3.55
Middle Africa,Pigs,1035,Intermediate,7.3,3.9,NA,3.9,7.3,2.404163056,5.91665903,5.60
Northern Africa,Pigs,1035,Backyard,15.4,63.1,NA,15.4,63.1,33.72899346,32.83709866,39.25
Northern Africa,Pigs,1035,Industrial,4.4,3,NA,3,4.4,0.989949494,3.857495373,3.70
Northern Africa,Pigs,1035,Intermediate,8.2,3.9,NA,3.9,8.2,3.040559159,6.533863321,6.05
Northern America,Pigs,1035,Backyard,9.3,40.4,NA,9.3,40.4,21.99102089,22.103216,24.85
Northern America,Pigs,1035,Industrial,3.2,3.1,NA,3.1,3.2,0.070710678,3.159586537,3.15
Northern America,Pigs,1035,Intermediate,5.1,3.9,NA,3.9,5.1,0.848528137,4.589666917,4.50
Northern Europe,Pigs,1035,Backyard,13.7,11.4,NA,11.4,13.7,1.626345597,12.80923756,12.55
Northern Europe,Pigs,1035,Industrial,4,3.2,NA,3.2,4,0.565685425,3.685098777,3.60
Northern Europe,Pigs,1035,Intermediate,6.6,3.9,NA,3.9,6.6,1.909188309,5.519772146,5.25
Oceania,Pigs,1035,Backyard,14,56.4,NA,14,56.4,29.98132752,30.93728589,35.20
Oceania,Pigs,1035,Industrial,4,3,NA,3,4,0.707106781,3.614270652,3.50
Oceania,Pigs,1035,Intermediate,6.7,3.9,NA,3.9,6.7,1.979898987,5.5560445,5.30
South-Eastern Asia,Pigs,1035,Backyard,12.2,63.1,NA,12.2,63.1,35.99173516,32.20927775,37.65
South-Eastern Asia,Pigs,1035,Industrial,4.2,3,NA,3,4.2,0.848528137,3.744829986,3.60
South-Eastern Asia,Pigs,1035,Intermediate,6.6,3.9,NA,3.9,6.6,1.909188309,5.558596791,5.25
South America,Pigs,1035,Backyard,12.3,54.4,NA,12.3,54.4,29.76919549,28.98413733,33.35
South America,Pigs,1035,Industrial,4,3,NA,3,4,0.707106781,3.591533784,3.50
South America,Pigs,1035,Intermediate,6.1,3.9,NA,3.9,6.1,1.555634919,5.201913933,5.00
Southern Africa,Pigs,1035,Backyard,8.4,63.1,NA,8.4,63.1,38.67874093,30.12943624,35.75
Southern Africa,Pigs,1035,Industrial,4.1,3,NA,3,4.1,0.777817459,3.651634891,3.55
Southern Africa,Pigs,1035,Intermediate,7.3,3.9,NA,3.9,7.3,2.404163056,6.054553078,5.60
Southern Asia,Pigs,1035,Backyard,8,63.1,NA,8,63.1,38.96158364,29.63485121,35.55
Southern Asia,Pigs,1035,Industrial,4.6,3,NA,3,4.6,1.13137085,3.950568319,3.80
Southern Asia,Pigs,1035,Intermediate,6.2,3.9,NA,3.9,6.2,1.626345597,5.328538464,5.05
Southern Europe,Pigs,1035,Backyard,13.7,41.3,NA,13.7,41.3,19.51614716,24.65934739,27.50
Southern Europe,Pigs,1035,Industrial,4,3.1,NA,3.1,4,0.636396103,3.677716664,3.55
Southern Europe,Pigs,1035,Intermediate,6.6,3.9,NA,3.9,6.6,1.909188309,5.535772246,5.25
Western Africa,Pigs,1035,Backyard,8.4,63.1,NA,8.4,63.1,38.67874093,29.81395289,35.75
Western Africa,Pigs,1035,Industrial,4.1,3,NA,3,4.1,0.777817459,3.676893069,3.55
Western Africa,Pigs,1035,Intermediate,7.3,3.9,NA,3.9,7.3,2.404163056,5.986992725,5.60
Western Asia,Pigs,1035,Backyard,15.4,58.4,NA,15.4,58.4,30.40559159,32.31788609,36.90
Western Asia,Pigs,1035,Industrial,4.4,3,NA,3,4.4,0.989949494,3.843255037,3.70
Western Asia,Pigs,1035,Intermediate,8.2,3.9,NA,3.9,8.2,3.040559159,6.485105103,6.05
Western Europe,Pigs,1035,Backyard,13.7,6.3,NA,6.3,13.7,5.232590181,10.70104182,10.00
Western Europe,Pigs,1035,Industrial,4,3.2,NA,3.2,4,0.565685425,3.690647079,3.60
Western Europe,Pigs,1035,Intermediate,6.6,3.9,NA,3.9,6.6,1.909188309,5.559604224,5.25
