Item,repl_cropres_max,repl_cropres_min,repl_cerbp_max,repl_cerbp_min,repl_mol_max,repl_mol_min,repl_pulp_max,repl_pulp_min,repl_citrusp_max,repl_citrusp_min,repl_dg_max,repl_dg_min
Eggs Primary,0.02,0.02,0.39,0.05,0,0,0.18,0.02,0.15,0,0.4,0.04
"Meat, pig",0.13,0.02,0.16,0.05,0.1,0.05,0.25,0.1,0.4,0.13,0.43,0.1
"Meat, Poultry",0.02,0.02,0.39,0.05,0,0,0.18,0.02,0.15,0,0.4,0.04
fish feed,0,0,0,0,0,0,0,0,0,0,0,0
"Meat, cattle",1,0.75,0.55,0.45,0.3,0.17,1,0.7,1,0.34,1,0.26
"Milk, whole fresh cow",1,0.75,0.55,0.45,0.3,0.17,1,0.7,1,0.34,1,0.26
