Item,repl_fmbp_max,repl_fmbp_min,repl_omeal_max,repl_omeal_min,repl_blood_meal_pig_max,repl_blood_meal_pig_min,repl_blood_meal_poultry_max,repl_blood_meal_poultry_min,repl_feath_max,repl_feath_min,repl_meatmeal_max,repl_meatmeal_min,repl_poultrybp_max,repl_poultrybp_min
Eggs Primary,0.4,0.31,1,0.5,1,0.75,0,0,0,0,0,0,0,0
"Meat, pig",1,0.75,1,0.75,0,0,1,0.75,1,0.75,0,0,0,0
"Meat, Poultry",0.4,0.31,1,0.5,1,0.75,0,0,0,0,0,0,0,0
fish feed,1,0.75,0.8,0.3,0.79,0.27,0.79,0.27,0.79,0.27,0.79,0.27,0.79,0.27
