Item,repl_fmbp_max,repl_fmbp_min,repl_omeal_max,repl_omeal_min,repl_blood_meal_pig_max,repl_blood_meal_pig_min,repl_blood_meal_poultry_max,repl_blood_meal_poultry_min,repl_feath_max,repl_feath_min,repl_meatmeal_max,repl_meatmeal_min,repl_poultrybp_max,repl_poultrybp_min
Eggs Primary,0.75,0.24,1,0.75,0.15,0.05,0,0,0.43,0.23,0.56,0.09,0.56,0.09
"Meat, pig",1,0.75,1,0.75,0,0,0.55,0.45,0.43,0.12,0,0,0.37,0.07
"Meat, Poultry",0.75,0.24,1,0.75,0.15,0.05,0,0,0.43,0.23,0.56,0.09,0.56,0.09
fish feed,1,0.75,1,0.75,1,0.75,1,0.75,1,0.75,1,0.75,1,0.75
