"Name_en","ISSCAAP_Group","Taxa","Group"
"Cyprinids nei","Carps, barbels and other cyprinids","carps","PISCES"
"Rainbow trout","Salmons, trouts, smelts","trouts","PISCES"
"Common carp","Carps, barbels and other cyprinids","carps","PISCES"
"Crucian carp","Carps, barbels and other cyprinids","carps","PISCES"
"European seabass","Miscellaneous coastal fishes","marine fishes","PISCES"
"Freshwater fishes nei","Miscellaneous freshwater fishes","fw fishes","PISCES"
"Gilthead seabream","Miscellaneous coastal fishes","marine fishes","PISCES"
"Grass carp(=White amur)","Carps, barbels and other cyprinids","carps","PISCES"
"Kuruma prawn","Shrimps, prawns","shrimps","CRUSTACEA"
"Mullets nei","Miscellaneous coastal fishes","mullets","PISCES"
"Roaches nei","Carps, barbels and other cyprinids","carps","PISCES"
"Wuchang bream","Carps, barbels and other cyprinids","carps","PISCES"
"Barbel","Carps, barbels and other cyprinids","carps","PISCES"
"Bleak","Carps, barbels and other cyprinids","carps","PISCES"
"Caramote prawn","Shrimps, prawns","shrimps","CRUSTACEA"
"Common sole","Flounders, halibuts, soles","marine fishes","PISCES"
"European eel","River eels","eels","PISCES"
"Freshwater bream","Carps, barbels and other cyprinids","carps","PISCES"
"Largemouth black bass","Miscellaneous freshwater fishes","fw fishes","PISCES"
"Meagre","Miscellaneous coastal fishes","marine fishes","PISCES"
"North African catfish","Miscellaneous freshwater fishes","catfishes","PISCES"
"Penaeus shrimps nei","Shrimps, prawns","shrimps","CRUSTACEA"
"Pike-perch","Miscellaneous freshwater fishes","fw fishes","PISCES"
"Tilapias nei","Tilapias and other cichlids","tilapias","PISCES"
"Nile tilapia","Tilapias and other cichlids","tilapias","PISCES"
"Torpedo-shaped catfishes nei","Miscellaneous freshwater fishes","catfishes","PISCES"
"Beluga","Sturgeons, paddlefishes","fw fishes","PISCES"
"Danube sturgeon(=Osetr)","Sturgeons, paddlefishes","fw fishes","PISCES"
"Dorado","Miscellaneous freshwater fishes","fw fishes","PISCES"
"Giant river prawn","Freshwater crustaceans","fw crustaceans","CRUSTACEA"
"Longrayed whiptail","Cods, hakes, haddocks","marine fishes","PISCES"
"Pacu","Miscellaneous freshwater fishes","fw fishes","PISCES"
"Red claw crayfish","Freshwater crustaceans","fw crayfish","CRUSTACEA"
"Siberian sturgeon","Sturgeons, paddlefishes","fw fishes","PISCES"
"Sorubims nei","Miscellaneous freshwater fishes","fw fishes","PISCES"
"South American catfish","Miscellaneous freshwater fishes","catfishes","PISCES"
"Streaked prochilod","Miscellaneous freshwater fishes","fw fishes","PISCES"
"Danube crayfish","Freshwater crustaceans","fw crayfish","CRUSTACEA"
"Sturgeons nei","Sturgeons, paddlefishes","fw fishes","PISCES"
"Trouts nei","Salmons, trouts, smelts","trouts","PISCES"
"Atlantic salmon","Salmons, trouts, smelts","salmons","PISCES"
"Barramundi(=Giant seaperch)","Miscellaneous diadromous fishes","fw fishes","PISCES"
"Brook trout","Salmons, trouts, smelts","trouts","PISCES"
"Brown tiger prawn","Shrimps, prawns","shrimps","CRUSTACEA"
"Chinook(=Spring=King) salmon","Salmons, trouts, smelts","salmons","PISCES"
"Eastern king prawn","Shrimps, prawns","shrimps","CRUSTACEA"
"Eastern school shrimp","Shrimps, prawns","shrimps","CRUSTACEA"
"European perch","Miscellaneous freshwater fishes","fw fishes","PISCES"
"Finfishes nei","Marine fishes not identified","marine fishes","PISCES"
"Giant tiger prawn","Shrimps, prawns","shrimps","CRUSTACEA"
"Indo-Pacific swamp crab","Crabs, sea-spiders","shrimps","CRUSTACEA"
"Marine fishes nei","Marine fishes not identified","marine fishes","PISCES"
"Sea trout","Salmons, trouts, smelts","trouts","PISCES"
"Silver perch","Miscellaneous freshwater fishes","fw fishes","PISCES"
"Southern bluefin tuna","Tunas, bonitos, billfishes","marine fishes","PISCES"
"Yabby crayfish","Freshwater crustaceans","fw crayfish","CRUSTACEA"
"Arctic char","Salmons, trouts, smelts","trouts","PISCES"
"Catfishes nei","Miscellaneous freshwater fishes","catfishes","PISCES"
"Euro-American crayfishes nei","Freshwater crustaceans","fw crayfish","CRUSTACEA"
"Grayling","Salmons, trouts, smelts","trouts","PISCES"
"Huchen","Salmons, trouts, smelts","trouts","PISCES"
"Northern pike","Miscellaneous freshwater fishes","fw fishes","PISCES"
"Salmonoids nei","Salmons, trouts, smelts","salmons","PISCES"
"Tench","Carps, barbels and other cyprinids","carps","PISCES"
"Wels(=Som) catfish","Miscellaneous freshwater fishes","catfishes","PISCES"
"Whitefishes nei","Salmons, trouts, smelts","salmons","PISCES"
"Caribbean spiny lobster","Lobsters, spiny-rock lobsters","shrimps","CRUSTACEA"
"Cobia","Miscellaneous pelagic fishes","marine fishes","PISCES"
"Florida pompano","Miscellaneous pelagic fishes","marine fishes","PISCES"
"Red drum","Miscellaneous coastal fishes","marine fishes","PISCES"
"Whiteleg shrimp","Shrimps, prawns","shrimps","CRUSTACEA"
"Mangrove red snapper","Miscellaneous coastal fishes","marine fishes","PISCES"
"Orange-spotted grouper","Miscellaneous coastal fishes","marine fishes","PISCES"
"Sobaity seabream","Miscellaneous coastal fishes","marine fishes","PISCES"
"White-spotted spinefoot","Miscellaneous coastal fishes","marine fishes","PISCES"
"Asian barbs nei","Carps, barbels and other cyprinids","carps","PISCES"
"Bronze featherback","Miscellaneous freshwater fishes","fw fishes","PISCES"
"Climbing perch","Miscellaneous freshwater fishes","fw fishes","PISCES"
"Clown knifefish","Miscellaneous freshwater fishes","fw fishes","PISCES"
"Freshwater prawns, shrimps nei","Freshwater crustaceans","fw crustaceans","CRUSTACEA"
"Indian white prawn","Shrimps, prawns","shrimps","CRUSTACEA"
"Olive barb","Carps, barbels and other cyprinids","carps","PISCES"
"Orange mud crab","Crabs, sea-spiders","shrimps","CRUSTACEA"
"Orangefin labeo","Carps, barbels and other cyprinids","carps","PISCES"
"Philippine catfish","Miscellaneous freshwater fishes","catfishes","PISCES"
"Silver barb","Carps, barbels and other cyprinids","carps","PISCES"
"Speckled shrimp","Shrimps, prawns","shrimps","CRUSTACEA"
"Spotted snakehead","Miscellaneous freshwater fishes","fw fishes","PISCES"
"Stinging catfish","Miscellaneous freshwater fishes","catfishes","PISCES"
"Striped catfish","Miscellaneous freshwater fishes","catfishes","PISCES"
"Striped snakehead","Miscellaneous freshwater fishes","fw fishes","PISCES"
"Wallago","Miscellaneous freshwater fishes","fw fishes","PISCES"
"Sterlet sturgeon","Sturgeons, paddlefishes","fw fishes","PISCES"
"Black catfishes nei","Miscellaneous freshwater fishes","catfishes","PISCES"
"Blackchin tilapia","Tilapias and other cichlids","tilapias","PISCES"
"Argentinian silverside","Miscellaneous freshwater fishes","fw fishes","PISCES"
"Cachama","Miscellaneous freshwater fishes","fw fishes","PISCES"
"Pirapatinga","Miscellaneous freshwater fishes","fw fishes","PISCES"
"Common dentex","Miscellaneous coastal fishes","marine fishes","PISCES"
"Three spotted tilapia","Tilapias and other cichlids","tilapias","PISCES"
"Arapaima","Miscellaneous freshwater fishes","fw fishes","PISCES"
"Banded astyanax","Miscellaneous freshwater fishes","fw fishes","PISCES"
"Channel catfish","Miscellaneous freshwater fishes","catfishes","PISCES"
"Characins nei","Miscellaneous freshwater fishes","fw fishes","PISCES"
"Freshwater siluroids nei","Miscellaneous freshwater fishes","fw fishes","PISCES"
"Groupers nei","Miscellaneous coastal fishes","marine fishes","PISCES"
"Prochilods nei","Miscellaneous freshwater fishes","fw fishes","PISCES"
"Tambacu, hybrid","Miscellaneous freshwater fishes","fw fishes","PISCES"
"Tambatinga, hybrid","Miscellaneous freshwater fishes","fw fishes","PISCES"
"Blue shrimp","Shrimps, prawns","shrimps","CRUSTACEA"
"Jacks, crevalles nei","Miscellaneous pelagic fishes","marine fishes","PISCES"
"Milkfish","Miscellaneous diadromous fishes","milkfish","PISCES"
"Pangas catfishes nei","Miscellaneous freshwater fishes","catfishes","PISCES"
"Snappers nei","Miscellaneous coastal fishes","marine fishes","PISCES"
"Snubnose pompano","Miscellaneous pelagic fishes","marine fishes","PISCES"
"Black carp","Carps, barbels and other cyprinids","carps","PISCES"
"Buffalofishes nei","Carps, barbels and other cyprinids","carps","PISCES"
"Chub","Carps, barbels and other cyprinids","carps","PISCES"
"Common nase","Carps, barbels and other cyprinids","carps","PISCES"
"Danube bleak","Carps, barbels and other cyprinids","carps","PISCES"
"Goldfish","Carps, barbels and other cyprinids","carps","PISCES"
"Noble crayfish","Freshwater crustaceans","fw crayfish","CRUSTACEA"
"Roach","Carps, barbels and other cyprinids","carps","PISCES"
"Rudd","Carps, barbels and other cyprinids","carps","PISCES"
"Starry sturgeon","Sturgeons, paddlefishes","fw fishes","PISCES"
"African bonytongue","Miscellaneous freshwater fishes","fw fishes","PISCES"
"Mudfish","Miscellaneous freshwater fishes","fw fishes","PISCES"
"Asian swamp eel","Miscellaneous freshwater fishes","fw fishes","PISCES"
"Hoven's carp","Carps, barbels and other cyprinids","carps","PISCES"
"Mozambique tilapia","Tilapias and other cichlids","tilapias","PISCES"
"Snakeskin gourami","Miscellaneous freshwater fishes","fw fishes","PISCES"
"Banded jewelfish","Tilapias and other cichlids","tilapias","PISCES"
"Parachanna snakeheads nei","Miscellaneous freshwater fishes","fw fishes","PISCES"
"Sampa","Miscellaneous freshwater fishes","fw fishes","PISCES"
"Atlantic bluefin tuna","Tunas, bonitos, billfishes","marine fishes","PISCES"
"Atlantic cod","Cods, hakes, haddocks","marine fishes","PISCES"
"Coho(=Silver) salmon","Salmons, trouts, smelts","salmons","PISCES"
"Salmonids nei","Salmons, trouts, smelts","salmons","PISCES"
"Bayad","Miscellaneous freshwater fishes","fw fishes","PISCES"
"Redbelly tilapia","Tilapias and other cichlids","tilapias","PISCES"
"Turbot","Flounders, halibuts, soles","marine fishes","PISCES"
"Bastard halibut","Flounders, halibuts, soles","marine fishes","PISCES"
"Masu(=Cherry) salmon","Salmons, trouts, smelts","salmons","PISCES"
"Yellowtail amberjack","Miscellaneous pelagic fishes","marine fishes","PISCES"
"Amberjacks nei","Miscellaneous pelagic fishes","marine fishes","PISCES"
"Amur catfish","Miscellaneous freshwater fishes","catfishes","PISCES"
"Blue-Nile tilapia, hybrid","Tilapias and other cichlids","tilapias","PISCES"
"Chinese longsnout catfish","Miscellaneous freshwater fishes","catfishes","PISCES"
"Chinese mitten crab","Freshwater crustaceans","fw crustaceans","CRUSTACEA"
"Clearhead icefish","Salmons, trouts, smelts","trouts","PISCES"
"Fleshy prawn","Shrimps, prawns","shrimps","CRUSTACEA"
"Japanese eel","River eels","eels","PISCES"
"Japanese seabass","Miscellaneous coastal fishes","marine fishes","PISCES"
"Large yellow croaker","Miscellaneous coastal fishes","marine fishes","PISCES"
"Lefteye flounders nei","Flounders, halibuts, soles","marine fishes","PISCES"
"Mandarin fish","Miscellaneous freshwater fishes","fw fishes","PISCES"
"Marine crabs nei","Crabs, sea-spiders","shrimps","CRUSTACEA"
"Mud carp","Carps, barbels and other cyprinids","carps","PISCES"
"Obscure pufferfish","Miscellaneous coastal fishes","marine fishes","PISCES"
"Oriental river prawn","Freshwater crustaceans","fw crustaceans","CRUSTACEA"
"Pond loach","Carps, barbels and other cyprinids","carps","PISCES"
"Pond smelt","Salmons, trouts, smelts","trouts","PISCES"
"Porgies, seabreams nei","Miscellaneous coastal fishes","marine fishes","PISCES"
"Portunus swimcrabs nei","Crabs, sea-spiders","shrimps","CRUSTACEA"
"Red swamp crawfish","Freshwater crustaceans","fw crustaceans","CRUSTACEA"
"Righteye flounders nei","Flounders, halibuts, soles","marine fishes","PISCES"
"Snakehead","Miscellaneous freshwater fishes","fw fishes","PISCES"
"Tiger pufferfish","Miscellaneous coastal fishes","marine fishes","PISCES"
"Yellow catfish","Miscellaneous freshwater fishes","catfishes","PISCES"
"Areolate grouper","Miscellaneous coastal fishes","marine fishes","PISCES"
"Flathead grey mullet","Miscellaneous coastal fishes","mullets","PISCES"
"Goldlined seabream","Miscellaneous coastal fishes","marine fishes","PISCES"
"Hong Kong catfish","Miscellaneous freshwater fishes","catfishes","PISCES"
"Russell's snapper","Miscellaneous coastal fishes","marine fishes","PISCES"
"Silver seabream","Miscellaneous coastal fishes","marine fishes","PISCES"
"Snakeheads(=Murrels) nei","Miscellaneous freshwater fishes","fw fishes","PISCES"
"Barred sorubim","Miscellaneous freshwater fishes","fw fishes","PISCES"
"Black prochilodus","Miscellaneous freshwater fishes","fw fishes","PISCES"
"Dorada","Miscellaneous freshwater fishes","fw fishes","PISCES"
"Netted prochilod","Miscellaneous freshwater fishes","fw fishes","PISCES"
"Redbreast tilapia","Tilapias and other cichlids","tilapias","PISCES"
"Blue tilapia","Tilapias and other cichlids","tilapias","PISCES"
"Natantian decapods nei","Shrimps, prawns","shrimps","CRUSTACEA"
"Spotted rose snapper","Miscellaneous coastal fishes","marine fishes","PISCES"
"Pargo breams nei","Miscellaneous coastal fishes","marine fishes","PISCES"
"Sharpsnout seabream","Miscellaneous coastal fishes","marine fishes","PISCES"
"Southern white shrimp","Shrimps, prawns","shrimps","CRUSTACEA"
"Tropical spiny lobsters nei","Lobsters, spiny-rock lobsters","shrimps","CRUSTACEA"
"Common pandora","Miscellaneous coastal fishes","marine fishes","PISCES"
"Marbled spinefoot","Miscellaneous coastal fishes","marine fishes","PISCES"
"Red porgy","Miscellaneous coastal fishes","marine fishes","PISCES"
"Shi drum","Miscellaneous coastal fishes","marine fishes","PISCES"
"European whitefish","Salmons, trouts, smelts","salmons","PISCES"
"Bagrid catfish","Miscellaneous freshwater fishes","catfishes","PISCES"
"Chars nei","Salmons, trouts, smelts","salmons","PISCES"
"European flounder","Flounders, halibuts, soles","marine fishes","PISCES"
"American eel","River eels","eels","PISCES"
"Gudgeons, sleepers nei","Miscellaneous freshwater fishes","fw fishes","PISCES"
"Green terror","Tilapias and other cichlids","tilapias","PISCES"
"Pacific fat sleeper","Miscellaneous freshwater fishes","fw fishes","PISCES"
"Nile perch","Miscellaneous freshwater fishes","fw fishes","PISCES"
"River eels nei","River eels","eels","PISCES"
"White seabream","Miscellaneous coastal fishes","marine fishes","PISCES"
"Jaguar guapote","Tilapias and other cichlids","tilapias","PISCES"
"Spinefeet(=Rabbitfishes) nei","Miscellaneous coastal fishes","marine fishes","PISCES"
"Senegalese sole","Flounders, halibuts, soles","marine fishes","PISCES"
"Signal crayfish","Freshwater crustaceans","fw crayfish","CRUSTACEA"
"Atipa","Miscellaneous freshwater fishes","fw fishes","PISCES"
"Orbicular batfish","Miscellaneous coastal fishes","marine fishes","PISCES"
"Sixfinger threadfin","Miscellaneous coastal fishes","marine fishes","PISCES"
"Striped bass, hybrid","Miscellaneous freshwater fishes","fw fishes","PISCES"
"Sciaenas nei","Miscellaneous coastal fishes","marine fishes","PISCES"
"Banana prawn","Shrimps, prawns","shrimps","CRUSTACEA"
"Freshwater crustaceans nei","Freshwater crustaceans","fw crustaceans","CRUSTACEA"
"Lebranche mullet","Miscellaneous coastal fishes","mullets","PISCES"
"Whitemouth croaker","Miscellaneous coastal fishes","marine fishes","PISCES"
"Atlantic halibut","Flounders, halibuts, soles","marine fishes","PISCES"
"Atlantic wolffish","Miscellaneous demersal fishes","marine fishes","PISCES"
"Haddock","Cods, hakes, haddocks","marine fishes","PISCES"
"Spotted wolffish","Miscellaneous demersal fishes","marine fishes","PISCES"
"Kelee shad","Shads","marine fishes","PISCES"
"Monsoon river prawn","Freshwater crustaceans","fw crustaceans","CRUSTACEA"
"River prawns nei","Freshwater crustaceans","fw crustaceans","CRUSTACEA"
"Asian redtail catfish","Miscellaneous freshwater fishes","catfishes","PISCES"
"Giant gourami","Miscellaneous freshwater fishes","fw fishes","PISCES"
"Indonesian snakehead","Miscellaneous freshwater fishes","fw fishes","PISCES"
"Kissing gourami","Miscellaneous freshwater fishes","fw fishes","PISCES"
"Marble goby","Miscellaneous freshwater fishes","fw fishes","PISCES"
"Metapenaeus shrimps nei","Shrimps, prawns","shrimps","CRUSTACEA"
"Nilem carp","Carps, barbels and other cyprinids","carps","PISCES"
"Black bullhead","Miscellaneous freshwater fishes","fw fishes","PISCES"
"Common prawn","Shrimps, prawns","shrimps","CRUSTACEA"
"Green tiger prawn","Shrimps, prawns","shrimps","CRUSTACEA"
"Ayu sweetfish","Salmons, trouts, smelts","salmons","PISCES"
"Blackhead seabream","Miscellaneous coastal fishes","marine fishes","PISCES"
"Japanese amberjack","Miscellaneous pelagic fishes","marine fishes","PISCES"
"Japanese jack mackerel","Miscellaneous pelagic fishes","marine fishes","PISCES"
"Pacific bluefin tuna","Tunas, bonitos, billfishes","marine fishes","PISCES"
"White trevally","Miscellaneous pelagic fishes","marine fishes","PISCES"
"Asp","Carps, barbels and other cyprinids","carps","PISCES"
"Dotted gizzard shad","Shads","marine fishes","PISCES"
"Filefishes, leatherjackets nei","Miscellaneous coastal fishes","marine fishes","PISCES"
"Korean rockfish","Miscellaneous demersal fishes","marine fishes","PISCES"
"Sawtooth caridina","Freshwater crustaceans","fw crustaceans","CRUSTACEA"
"Isok barb","Carps, barbels and other cyprinids","carps","PISCES"
"Small scale mud carp","Carps, barbels and other cyprinids","carps","PISCES"
"Burbot","Miscellaneous freshwater fishes","fw fishes","PISCES"
"Orfe(=Ide)","Carps, barbels and other cyprinids","carps","PISCES"
"African catfish","Miscellaneous freshwater fishes","catfishes","PISCES"
"Mango tilapia","Tilapias and other cichlids","tilapias","PISCES"
"Peled","Salmons, trouts, smelts","salmons","PISCES"
"Tilapia shiranus","Tilapias and other cichlids","tilapias","PISCES"
"Barcoo grunter","Miscellaneous freshwater fishes","fw fishes","PISCES"
"Brown-marbled grouper","Miscellaneous coastal fishes","marine fishes","PISCES"
"Fourfinger threadfin","Miscellaneous coastal fishes","marine fishes","PISCES"
"John's snapper","Miscellaneous coastal fishes","marine fishes","PISCES"
"Pangas catfish","Miscellaneous freshwater fishes","catfishes","PISCES"
"Thai mahseer","Carps, barbels and other cyprinids","carps","PISCES"
"Tinfoil barb","Carps, barbels and other cyprinids","carps","PISCES"
"Sabaki tilapia","Tilapias and other cichlids","tilapias","PISCES"
"Silversides(=Sand smelts) nei","Miscellaneous pelagic fishes","marine fishes","PISCES"
"Striped bass","Miscellaneous diadromous fishes","fw fishes","PISCES"
"Yellowfin tuna","Tunas, bonitos, billfishes","marine fishes","PISCES"
"Japanese meagre","Miscellaneous coastal fishes","marine fishes","PISCES"
"Soles nei","Flounders, halibuts, soles","marine fishes","PISCES"
"Emperor red snapper","Miscellaneous coastal fishes","marine fishes","PISCES"
"Aba","Miscellaneous freshwater fishes","fw fishes","PISCES"
"Citharinus nei","Miscellaneous freshwater fishes","fw fishes","PISCES"
"Grass-eaters nei","Miscellaneous freshwater fishes","fw fishes","PISCES"
"Kafue pike","Miscellaneous freshwater fishes","fw fishes","PISCES"
"Reticulate knifefish","Miscellaneous freshwater fishes","fw fishes","PISCES"
"Upsidedown catfishes","Miscellaneous freshwater fishes","catfishes","PISCES"
"Yellowfin seabream","Miscellaneous coastal fishes","marine fishes","PISCES"
"Amazon sailfin catfish","Miscellaneous freshwater fishes","catfishes","PISCES"
"Flatfishes nei","Flounders, halibuts, soles","marine fishes","PISCES"
"Velvety cichlids","Tilapias and other cichlids","tilapias","PISCES"
"Flathead lobster","Lobsters, spiny-rock lobsters","shrimps","CRUSTACEA"
"Groupers, seabasses nei","Miscellaneous coastal fishes","marine fishes","PISCES"
"Percoids nei","Miscellaneous coastal fishes","marine fishes","PISCES"
"Scats","Miscellaneous coastal fishes","marine fishes","PISCES"
"Atlantic ditch shrimp","Shrimps, prawns","shrimps","CRUSTACEA"
"Blackspot(=red) seabream","Miscellaneous coastal fishes","marine fishes","PISCES"
"Croakers, drums nei","Miscellaneous coastal fishes","marine fishes","PISCES"
"Greater amberjack","Miscellaneous pelagic fishes","marine fishes","PISCES"
"Sargo breams nei","Miscellaneous coastal fishes","marine fishes","PISCES"
"Seabasses nei","Miscellaneous coastal fishes","marine fishes","PISCES"
"Spotted seabass","Miscellaneous coastal fishes","marine fishes","PISCES"
"Mississippi paddlefish","Sturgeons, paddlefishes","fw fishes","PISCES"
"Chum(=Keta=Dog) salmon","Salmons, trouts, smelts","salmons","PISCES"
"Three-spined stickleback","Miscellaneous diadromous fishes","fw fishes","PISCES"
"Bigeye trevally","Miscellaneous pelagic fishes","marine fishes","PISCES"
"Blue swimming crab","Crabs, sea-spiders","shrimps","CRUSTACEA"
"Giant grouper","Miscellaneous coastal fishes","marine fishes","PISCES"
"Giant trevally","Miscellaneous pelagic fishes","marine fishes","PISCES"
"Golden trevally","Miscellaneous pelagic fishes","marine fishes","PISCES"
"Humpback grouper","Miscellaneous coastal fishes","marine fishes","PISCES"
"Malabar grouper","Miscellaneous coastal fishes","marine fishes","PISCES"
"Mud spiny lobster","Lobsters, spiny-rock lobsters","shrimps","CRUSTACEA"
"Spotted coralgrouper","Miscellaneous coastal fishes","marine fishes","PISCES"
"Adriatic sturgeon","Sturgeons, paddlefishes","fw fishes","PISCES"
"Big-scale sand smelt","Miscellaneous pelagic fishes","marine fishes","PISCES"
"Brown meagre","Miscellaneous coastal fishes","marine fishes","PISCES"
"Green crab","Crabs, sea-spiders","shrimps","CRUSTACEA"
"Groundfishes nei","Marine fishes not identified","marine fishes","PISCES"
"Mackerels nei","Miscellaneous pelagic fishes","marine fishes","PISCES"
"Pacific salmons nei","Salmons, trouts, smelts","salmons","PISCES"
"Palaemonid shrimps nei","Shrimps, prawns","shrimps","CRUSTACEA"
"Pollack","Cods, hakes, haddocks","marine fishes","PISCES"
"Greasyback shrimp","Shrimps, prawns","shrimps","CRUSTACEA"
"Great blue spotted mudskipper","Miscellaneous coastal fishes","marine fishes","PISCES"
"Redtail prawn","Shrimps, prawns","shrimps","CRUSTACEA"
"Snappers, jobfishes nei","Miscellaneous coastal fishes","marine fishes","PISCES"
"Two-spot red snapper","Miscellaneous coastal fishes","marine fishes","PISCES"
"Yellowback seabream","Miscellaneous coastal fishes","marine fishes","PISCES"
"Africa-bighead catfish, hybrid","Miscellaneous freshwater fishes","catfishes","PISCES"
"Gouramis nei","Miscellaneous freshwater fishes","fw fishes","PISCES"
"Knifefishes","Miscellaneous freshwater fishes","fw fishes","PISCES"
"Squaretail mullet","Miscellaneous coastal fishes","mullets","PISCES"
"Algerian barb","Carps, barbels and other cyprinids","carps","PISCES"
"Pink dentex","Miscellaneous coastal fishes","marine fishes","PISCES"
"Freshwater breams nei","Carps, barbels and other cyprinids","carps","PISCES"
"Gobies nei","Miscellaneous coastal fishes","marine fishes","PISCES"
"So-iuy mullet","Miscellaneous coastal fishes","mullets","PISCES"
"White bream","Carps, barbels and other cyprinids","carps","PISCES"
"Sockeye(=Red) salmon","Salmons, trouts, smelts","salmons","PISCES"
"American yellow perch","Miscellaneous freshwater fishes","fw fishes","PISCES"
"Longfin yellowtail","Miscellaneous pelagic fishes","marine fishes","PISCES"
"Northern white shrimp","Shrimps, prawns","shrimps","CRUSTACEA"
"Monkey river prawn","Freshwater crustaceans","fw crustaceans","CRUSTACEA"
"Longfin tilapia","Tilapias and other cichlids","tilapias","PISCES"
"Manipur osteobrama","Carps, barbels and other cyprinids","carps","PISCES"
"Labeo dussumieri","Carps, barbels and other cyprinids","carps","PISCES"
"Hypsibarbus spp","Carps, barbels and other cyprinids","carps","PISCES"
"Carassius spp","Carps, barbels and other cyprinids","carps","PISCES"
